image_name,image_id
--fmXUHphLY,0
-17kN1xdzBE,1
-1gPUiWzq_A,2
-2TJdbYzsAI,3
-2ZZthCZW8U,4
-456mYIQmaI,5
-5jBQpJEmvU,6
-5k49XdbgNI,7
-6ChHe6ciYo,8
-7QSYCRfgSw,9
-8s9xMyPOfY,10
-9bJKL-apjU,11
-AtBYC2T25Q,12
-c2LD08fIyc,13
-caamVYULvE,14
-cITqIrVmBY,15
-cnqYScOygw,16
-cumDZFQOLM,17
-cuQIqoKiTI,18
-CxW1-0mjR4,19
-dG_bT-82no,20
-dypG_3Q22k,21
-E7xr-kOaws,22
-ezS4-lCLI8,23
-f7Cg_Zo9TA,24
-F9dAWsgVnE,25
-fgmEVjsVmM,26
-FUsII21DYQ,27
-Futksxp_W8,28
-GGg79kiGec,29
-hMusCENcXc,30
-LDD7nCUAgI,31
-LI_mffi4aM,32
-mb8wQgy5hE,33
-mbc7iYOtWM,34
-MlnfY60Kis,35
-MXyl4ErlsE,36
-NNJe6T9BwI,37
-NXtM0-q-Mo,38
-OIFr6nasc4,39
-pbklpP6V84,40
-q7D6sB47nI,41
-qKyBsCXsp4,42
-Qlk23SBUck,43
-qRwWGnfFs8,44
-QuX4CAK1xM,45
-qyvsSNL9R8,46
-rH8SiTTU2E,47
-RKpygsASTE,48
-RNzzK2qZe4,49
-T5g9Iw8tDU,50
-TgzERyTXGI,51
-tTf_SViaFA,52
-U3SQY3sMRU,53
-ujGboR0pxA,54
-uw6H9TRS2o,55
-VFO_NFJDe0,56
-WGrtNsT64Y,57
-Wi7W_x2YwM,58
-Y9iHyKmI1I,59
-yC-nVrEySY,60
-YEtgNda18g,61
-_iO_DmTsrU,62
002-7aOGFF0,63
00k_4THIyoU,64
03cirreejcA,65
04nyUenO23g,66
04SGVEnqbRU,67
04ywiSt1Evo,68
05FwaQmPV5g,69
08dzOrfV85g,70
0AWNg71Iixk,71
0B2fzSSvn2s,72
0bcnXUpvL9k,73
0c08O6xt0Ts,74
0Co2_wygntc,75
0d3k-7-EwxY,76
0d9Nr3yX9VY,77
0DJ_D2ibUCA,78
0eaeFGySNIk,79
0EdflGiwTu4,80
0f0KcthIhao,81
0h-37M2OuVk,82
0HCLHK0RBhI,83
0hX8RRAtX5I,84
0HZVL2Us1Xk,85
0i47P25YVJw,86
0kgtWe6tBkI,87
0Lc8Ff60rPU,88
0lPYLG90PGo,89
0lqLSbf-rWE,90
0mg7OjFKlWI,91
0O7CNwh8fNA,92
0OgUxSShtKk,93
0P_k5VnQ4Z0,94
0qJj49UZvN8,95
0r0UlOzJmCY,96
0r49A01D3nA,97
0rITVvklJdo,98
0RNWW65DsVA,99
0rVcT2pJEjc,100
0s1tmlrjuoA,101
0Sbx23ZlMfI,102
0tG0V22Hy5c,103
0TylQyTYGXM,104
0uqVm7vQ7o0,105
0uX5HD0d-sI,106
0vGXiP_HWGE,107
0VkkFqzqCGo,108
0X8Fp0nQEvU,109
0xaPHWVLcvg,110
0Xe1mKW0gl0,111
0xS6n_haXfo,112
0Y6n1sBfb-g,113
0YBYs75HuBA,114
0Z0ufV0GZOg,115
0z55WnjKneY,116
0zbz42iYIQo,117
0_s8atPlJfo,118
10JxXaiYwdc,119
10UIgy5j5T4,120
11uNY7PoqE4,121
13Y9VADQi0U,122
14MyG92I2BQ,123
15jwz-OSSQw,124
15mNUeB21IU,125
167wQrTN90M,126
17mlvbtcKKU,127
17NGT5hnjiA,128
1881uDXdRFs,129
1AvWbOFSoAI,130
1AWH8hcQYj0,131
1CcJ6jfF-88,132
1Dp9Ljws12I,133
1fKbJ6kRUtM,134
1fXYi-GkKNA,135
1GdSjCwoVaA,136
1GnqXNojVHs,137
1HBJfanHoYE,138
1HcfWSkCzEA,139
1ipMFrut3vY,140
1j18BodAWWU,141
1jypXNHq5ww,142
1LEXkMtathI,143
1LuQZVKt6jA,144
1mQ9LQmFYJc,145
1nC11qLcsXs,146
1Ne_pWH4uhM,147
1Nhp62H5iu4,148
1p11fuzLxDw,149
1P8AfA04vi8,150
1qSZmR1Ldbs,151
1QvtB3GV_r0,152
1sVOXqPWKV4,153
1T5WxK7EIvU,154
1tevmcVkiRE,155
1TtQQGLC8no,156
1UbdAEa3T3A,157
1UBL3MDbAUo,158
1ujDbYYHLq4,159
1VGODQgExJI,160
1WEAJ-DFkHE,161
1YFVEQXdmRo,162
1z2XQghZHTA,163
1ZfA0PN9dUo,164
1zz96oSNhak,165
2-aSShzdKKg,166
2-PQq53vr70,167
2-w28vtXEug,168
200ohvjj0Wc,169
21BaPcKH1WY,170
225h8-o3MI8,171
22ff3o2ZCnQ,172
245IOyfGr24,173
24J5LonCr6I,174
273oIb8YkOc,175
28lOgB8WDco,176
28mUde1fWTA,177
28NkN5L7DHA,178
2b2kjocr9NQ,179
2B3lF290OOw,180
2CihSYlUgCk,181
2D1bJb3qhjk,182
2d5UYXqwNKk,183
2doCBd1HWNw,184
2e6XxXJAj-Y,185
2F35jpksTZ0,186
2fg2mPlQH2I,187
2gRYXMLeYGk,188
2HcQwEuNjms,189
2Hq5XPISADA,190
2ILVrbo3nCQ,191
2Ir7_QxXnvY,192
2J7U_F6IKro,193
2JArk-h9YZM,194
2jN6jYbTi40,195
2Jy0H4u41N0,196
2K1_ZA4zga8,197
2KVzVyJg888,198
2lM9jRvu1-A,199
2MgTYXTwpv8,200
2MhIWx4xIMU,201
2mRSGLIXFPc,202
2N20OhnUeFQ,203
2nd73lyvq4w,204
2NTmrxNMl8U,205
2ohxLyHdM8c,206
2oTf6Zo3xGs,207
2PFexXvs4eM,208
2POkvkKIY3o,209
2q4z1ujKA_s,210
2qiQjlhebqo,211
2qUG9Mne4Rs,212
2QZ1SXDH828,213
2r0LQ_d8Zm0,214
2rIGQbxatys,215
2rN6trzUP1k,216
2V-K-9yrlyY,217
2V9VCghMlLI,218
2VODO5xso-Q,219
2W5cmWDKB8c,220
2wdgJaWSpOs,221
2WH-EeDjVpQ,222
2WUuk0L4f1s,223
2wX9RRgn0Xk,224
2xa_LlPBR_E,225
2XvjM0zq2pA,226
2XZaqhNGQe8,227
2Xzqc16vTYk,228
2yA4nhuuxIU,229
2YPJ9bhrS4k,230
2z20rsqohx0,231
2zIXFPanmN8,232
2ZPbHm1nx64,233
2ZRoWS1OMNU,234
2_3kOfMU2b0,235
32DAHFK0QoE,236
3393nF46oVM,237
33d5RkWhhO0,238
33eLdy98hpo,239
33gyaZ4182Q,240
34C-1QdMgoo,241
37L9pmVCh38,242
37W746Krsiw,243
38uQKQhtdts,244
3B0K7ekVCL4,245
3bagg8rGAWs,246
3C2IJ4JC-P8,247
3dVVXsYBQko,248
3DZ_WjAHHTg,249
3epsrC6ADoM,250
3fYOdHVp7Rw,251
3G-2iGFfFFs,252
3GASs8t8TCA,253
3GdKVBOPvjw,254
3Gef9RP4lwU,255
3GmFRJv6aZs,256
3I1Ve5caxxs,257
3JJrqQW7q7E,258
3JmSBoYFup4,259
3jS_yEK8qVI,260
3jUMCkepmJM,261
3JxAsD5KsOI,262
3KaBzAvNqTE,263
3lKfDoSFLBg,264
3Ls34WCftEs,265
3MPOcyRahgk,266
3MqZ1nxVgsQ,267
3mWIew6gbkY,268
3naGyolkF08,269
3NMr0tF_l-0,270
3oAkahJ4FgE,271
3OfjqVWUcZk,272
3oXxD7Mj9uI,273
3PZ6hN5QR9g,274
3Q6PND_Ba-c,275
3RmOvxilbPM,276
3RXZageblfc,277
3ryID_SwU5E,278
3s8olG0trSQ,279
3SdgZnVp_cI,280
3STl-nEoTSk,281
3sYOu1pwJIw,282
3UBbyQ-x9MA,283
3ukCJoEIiY0,284
3UrpPYNSYBI,285
3vkvBE9rgTo,286
3wcMYXzo0RA,287
3XnZ29xOm0A,288
3XWsKeLIz6M,289
3y3LqvUe5jI,290
3yMhy2hr_EY,291
3YzVxzzvsXs,292
3ZXNkpesHTM,293
4-D6E7xw_2s,294
4-eNx7-0Psc,295
4-Me0-HMvL8,296
427FMvQjuVk,297
42jDCgBmhO4,298
42tXnGeg5OU,299
43hKM98r-e0,300
44Giqwg11dk,301
46eyXjK_8fM,302
48h57PspBec,303
4ab59U7HOvQ,304
4b48ShrvlqA,305
4BI0kHblw3Q,306
4BjqdS6OuTM,307
4BY2-93O_y8,308
4CDxd3NvlTs,309
4cpmk4b-Mis,310
4D2v_Ad6DEI,311
4DNdljMXuiQ,312
4E2G2Qw6FGY,313
4EQGTwAk7q0,314
4fB8FwMN-u8,315
4g7mgircAJY,316
4gcIyqDwOJw,317
4GvKidCAY5I,318
4iVqwEy3eqM,319
4JmKE0ZBrEk,320
4K8kdAsgH6M,321
4KItjiC0WHU,322
4KL4bTdBCqQ,323
4kO7Ct_4UW4,324
4OlnjULENho,325
4P8f4NzIKb4,326
4paQyuON8vE,327
4PtAF_sCAGg,328
4pww4thhD2E,329
4q0yyTVoceE,330
4qZmIE7XFR8,331
4R9GdOdpGpE,332
4rrstqebJUs,333
4rY3hBiivhM,334
4t4qEtLWxMs,335
4wKdkc39bTY,336
4xQ2paAXtYQ,337
4YSix9OuRn4,338
4Z2MW6ICPfA,339
4zoT2-Igqk0,340
4_0hFfAgT1o,341
4_TtQXFKBBw,342
5-ffhsqbNVI,343
51gizAa7iHo,344
53KkYIFO07Y,345
53SYcPGibAo,346
54miKjQPx-Q,347
59AYXzCa-Cs,348
59OM1x2tVKM,349
5aY89GuZ_7c,350
5bF9ihxKoIs,351
5cmLvL6K29s,352
5CYOa9nxHeY,353
5D1rDEdWlMg,354
5DCJQhXihY8,355
5EcSOZ6gCmE,356
5ejKperXPzM,357
5F6TLRB27eY,358
5ffITLzKPiU,359
5FflV9X5Isw,360
5fHF9QfdB4A,361
5G9LSeFAMIc,362
5gwXKpdjmxU,363
5h1QF2mLRnI,364
5hMCVEejjUg,365
5ieLGgrgC7M,366
5IkXdHgI2hw,367
5iQ2WQGRySk,368
5irnJUGq9PI,369
5j9b29gUYQc,370
5jCaggoO678,371
5KfWYY7atzA,372
5Kik_2kT1HY,373
5KWrwwzljLE,374
5m-RS_ad7Rs,375
5m3e3BGQAKA,376
5mo7H9C58P8,377
5mp3u-vhjNU,378
5NgAi-ePdYw,379
5NQRmu-YCII,380
5NsyBn2fuUE,381
5nYeVp1o6OU,382
5OwyS8JmJ9E,383
5p19FUWmbqo,384
5pficASX09U,385
5SXo0sQYn0E,386
5TCp7Pp8s0w,387
5tZ-JVZHg_c,388
5U8OIFKG7Rg,389
5UrFrp_4rLM,390
5VzWESQw-as,391
5W7EwRY74GY,392
5wYRZt_ybD8,393
5WZOqIX_Wtw,394
5x6vGka2G6s,395
5xfA_e6TT40,396
5xgI7XU3euw,397
5XrkGfSZb4Q,398
5ylQskaKRHw,399
5yPssKpm6Dk,400
5ZcN4ZiWh3Y,401
5ZixEcxHN3o,402
5_ItVmxvhaw,403
6-QJMRG_VgA,404
60DKQv3YUG8,405
60WLHn2DWsA,406
611G68dMxe0,407
61ZyOR5czK0,408
62yRza-GGFo,409
63cWf6f6n54,410
65fN_OUawjk,411
65j3-b6_6Uk,412
666VPaHCTe8,413
66cVDrL66zY,414
66Gor3UeleI,415
69CSEIdr6vE,416
6Al0TJSPI38,417
6avLUo7O_2E,418
6bpKl4r4n9s,419
6bswmKaIFf0,420
6Bzwr4Vm5mc,421
6c84-e-k6zY,422
6dkj35haiTM,423
6dtZhgDWPrs,424
6dzBAfj0GUY,425
6EbnXMScqvY,426
6es8SxImhO8,427
6FN-VspNwzY,428
6gyFXQbT6Lk,429
6H5rSqoQuuA,430
6hhHvX9c3Vg,431
6HZuUiDEjkM,432
6iCXSEShycg,433
6ijRpPxONmY,434
6ikD4ajHIec,435
6jB92VpLTGQ,436
6jlJ08V3_Y4,437
6keELefJpFc,438
6kLT414a0Ds,439
6krC_yhZa6k,440
6KV8GMONB-U,441
6KVJuj1kYX8,442
6lBWbo7LZFI,443
6LPp6iXltRU,444
6N2AQo7dqh4,445
6NjVxVon7NQ,446
6nO2pw-sbro,447
6OlecCQiy_I,448
6Oo346G9SbM,449
6OSqQ0BHNLM,450
6PFwI7wzjTM,451
6pyq5hlNUKA,452
6Q4Q7wtXPKk,453
6Q741jBR7PQ,454
6Q8mN8kGSiQ,455
6qF5Z2Efpds,456
6r4rW0o_cnk,457
6S5rE8K42wE,458
6sCMbCGD54w,459
6sgbncz7lt8,460
6SWcwSn1uKc,461
6T8PvIyxqbM,462
6TdQ3AwD5sM,463
6TtlNOwYHbI,464
6u34yQzcDTg,465
6U8Ro6k2HvY,466
6uF0qA717kQ,467
6vr7-bAmF3k,468
6VxbZBVT9YQ,469
6ycxekBie3M,470
6YDIoo6AF2c,471
6Ze1vTwHvdc,472
6ZuuGFLZ2eQ,473
70qpgx55T2s,474
72ixduiKLqI,475
73C_H8_biIA,476
74pYRzrgc3s,477
75y1ylovm1M,478
76NUG6Jn6yE,479
77Tyr_g4NI4,480
7aUdTMRlvtk,481
7bmFriDlwtM,482
7CHXNrsNydc,483
7cT06Acs514,484
7eYe28XcaWE,485
7fN-wV_iYO0,486
7fp9mppRa9U,487
7Ghv2nArmY8,488
7gXQsAqg8aU,489
7hySArNKsMQ,490
7iTuyqLHGDQ,491
7IU2WlXb-Qc,492
7j4AzXM9GxM,493
7JDJzbKSePA,494
7JsEAfREfo0,495
7kjh1UbsMrg,496
7kTqIvtAMiE,497
7l-IXDWVDQc,498
7l0kvHxf900,499
7miSDIwuHsM,500
7mJSEgc_Pl8,501
7MoRyiApCfk,502
7pzBHset68A,503
7QNwkMVyZbI,504
7rqazMZRBCs,505
7rsT5qD9_94,506
7s-LbK049zo,507
7sLwMxRndK4,508
7tyUpO3byNw,509
7UD4tttDkVg,510
7uwslu_qLS8,511
7vW8kcarHq0,512
7WlpW1mphxE,513
7xegTZn4LWE,514
7z9xS-NrFlE,515
7zJPxA1RWa0,516
7zqaBWUHLTU,517
7_lHgY5kTbE,518
8-IZDZh_7Ds,519
80wYMU5VhjE,520
81sis7cL-6s,521
81TL8V6iIFI,522
84WTlrvmmG4,523
86kolS5x5pA,524
86tWmuu9C1Q,525
878oXrJodxo,526
88et6_2ySHc,527
89190RVZaO8,528
8Adf5rJJJvw,529
8BXRzoy-0co,530
8Cbr1IldGyc,531
8CpY_yXODC4,532
8dg4Yf3QH0Y,533
8Dj4fGICJw8,534
8dyidQaWKf0,535
8eCsToqPUeM,536
8h6xZDUyWYc,537
8ipILAViIgM,538
8Iz9af03Op0,539
8JIfDRLWbzk,540
8LlfreIK-Ek,541
8m7GugS6Wq8,542
8nVP0G3A4vI,543
8oCFubmsWqw,544
8OIBXGMvg08,545
8PaWlHS1QRU,546
8PLOSPOrZRc,547
8pMIOYLKf8U,548
8pue34sv5k8,549
8PvOGOov1F0,550
8pVrG2wSQhQ,551
8QJrDP2bklU,552
8QqmRIGhZOk,553
8Qyl1Xri0L8,554
8qzDX3eiUz8,555
8RWdMveyEfI,556
8sS-M1FXg9M,557
8T85eq5jiGE,558
8U5i1FROzcQ,559
8uQtAdNg2l8,560
8w7CDZVAPPs,561
8WCgHsIQxQw,562
8wssaynA7_4,563
8x72t0IQ5NU,564
8X7EBLa9UKk,565
8XSZzCu-nro,566
8XVlRs4EHPg,567
8Y60qpKXlxI,568
8y80bNRkACk,569
8yzqNhgR5qs,570
9-yKxOhBmNg,571
90GXAO50u6k,572
90iEhD451eU,573
90MJkkui_CM,574
92vwCLSGIhM,575
93J1Mv_85_4,576
95bvMWyjf4o,577
95mvaR5GpP8,578
960tFm9VTvE,579
96HGweDHgag,580
96nH5bJUSWk,581
96Pv1NoUaCY,582
97EOuOYci80,583
98CAzUrVVXI,584
98IWAKzR6ec,585
98WX37QoE1M,586
99OJoyG5t4c,587
9aEVJG1uLo4,588
9Bjua8B0mJM,589
9cmdJlJlqsE,590
9CRlzhVGnUg,591
9D5XjgcdmeY,592
9EF2Ww0EvEk,593
9EtcO_Nl5uo,594
9eVh4vP28PU,595
9EYxT3OI_Rg,596
9f9r0D_U82A,597
9FGbrjiy8Es,598
9G47mDFHU24,599
9GIFE1giVR8,600
9GVlMrDLOEw,601
9HoGj0-vc00,602
9i4YsddYuIc,603
9iIkThLk1dg,604
9Ivm1Cb2TdM,605
9jwdKr6T4Do,606
9KfjH8_Qj5M,607
9kH3_h7PExg,608
9mDRoJ209o4,609
9MEGWkHfzPM,610
9MeMw4Scou8,611
9MH4Eh16yoA,612
9MLYWTvJH6k,613
9NAYb3ZqeLs,614
9OCAi15WiNY,615
9ODPOJbdG7c,616
9PEGN6jhB9s,617
9Q08W7d0Rx0,618
9q1TJilry8s,619
9R2h34RBb-0,620
9R3tfLEYRlw,621
9R5UrnYB2-g,622
9RlHWI-GUnY,623
9RxShRm8-cI,624
9sJGJsP54B0,625
9Sm4tgu849g,626
9tHjrUL_-xo,627
9uOZu9xF-cw,628
9Utmi_HL1a8,629
9W-ursUxTh4,630
9w2iFtwA3Oc,631
9Wsorfdy93o,632
9XCOhIdEYRU,633
9yaRlSGYbBA,634
9yd19IeGgGo,635
9YPlhjqxXJQ,636
9ySJ5skhxo0,637
9z845xlh_jI,638
9z_j2wYE64c,639
a-kAa-_cPsU,640
a-shYcxttEg,641
a0C8Jq0GRRI,642
A14t36QU0ug,643
a1HXOiJ1cXo,644
a1IJvfxvYAw,645
a29M3D12V_8,646
a29XxbPOUX8,647
a2JNCTF5AxM,648
a33X3YfU9Ac,649
a3Hx13oe8H8,650
A3lG-kPiP2g,651
a4pnyVcwldo,652
a7ZxGE8zJ2w,653
A8OgFR8vSQg,654
A9FVft9nCIY,655
Aa3XlfhprLg,656
aAed0q0l60Y,657
AARYOqI03t8,658
aauNUEP0NZs,659
aawtGIK9fQM,660
aB9jMVybNpY,661
aclGgUQLKRE,662
ACm4uBiSDPY,663
aD6Vp2Vrq8s,664
aDd-mde_YSQ,665
adIB3kiySQI,666
aDP8avlTuDk,667
AeAs5bKZ6uE,668
aEI-d0Ds3HY,669
Aejfp_I0m-8,670
AEpH8MvUjd8,671
AEt4tvKWMgk,672
afA1Vdv5zHI,673
Afd5JSIB_EE,674
AFGNgoXK1T4,675
aFI4ALqRk9A,676
afPqmaD273Q,677
AG-NFjmNFtA,678
ag304g-3ng8,679
AgzjJgnaly8,680
ahcurHJMPng,681
AheSmxG5t2k,682
AhlGN7vVFPM,683
aHmOCmNX_00,684
AhOo5w5wLn0,685
Ah_uuTwGOYU,686
aI388kDp9a4,687
AIaJkohQxTI,688
AI_KF301ohw,689
AJHuOvH3VBY,690
ajjq7DGMckM,691
aKcQxhPhqsw,692
AkLBFXf6A7g,693
AksbSXTOLcs,694
akT0wxv9ON8,695
Al1tEtdj0Ho,696
aLISRMLrvas,697
amANcN_P1f8,698
AMlqOJpKqLs,699
anFxsa5jXrE,700
aNK89kQQVZk,701
An_P1b_p-Ik,702
Ao-9LUtC-dE,703
aOaigfcuHys,704
AObf4zHnRK8,705
AOlWcShBLhA,706
aorpBdmHoV0,707
aOSaprYx8FA,708
aPhFD-s4ZIE,709
aq8-U55VVSs,710
aql_8NFAWzg,711
aQtRYV_Zt_Y,712
AQzs-ufA62o,713
arQ10EgDvAY,714
aru8zaoH850,715
AS3i8J7czvI,716
aSD6AvaEsYc,717
aSNo9S_gFzc,718
AssMaYnGIdg,719
asvOEOdeqzU,720
at095Ph5X8M,721
aTmVsAQ8s3U,722
ATysp1yKH_U,723
at_Ua5vxMxw,724
aU8LUncAnyg,725
aUkP8CaTdTk,726
AUpBdiTfI6s,727
AuqNyNHsvTA,728
auToQEz1daM,729
aUV0-K1ekiY,730
auXQyl8zAKk,731
auYgrbwlTU8,732
aVMV6Jodx1g,733
avQ9h1kaw14,734
avRJyPgFP_o,735
AwbnS4-TiWw,736
awnoxXu0VYs,737
awOlIIcQsNE,738
awoSioIicU4,739
AwViQ7Nwp3w,740
Ax8CoK__caY,741
AX9JsMLp5_o,742
AXJ2H-Sg2bw,743
AXq4ZxYaftg,744
AYCgten4d2I,745
AyIN2qbzHsQ,746
AYjqe4tKLPw,747
AYqtPiVwfGE,748
Ayqyw7q2TH8,749
azDtktUEf0g,750
aZINucHOl4s,751
AZlBZuS4hr0,752
aZW0gs-vJYY,753
a_PSmlRBbxM,754
A_SqLGi123E,755
A_uXjpf8M8s,756
b-DQewFTRhA,757
B0UmQBQ_u38,758
B11vepUdizw,759
B1QN9VmZDow,760
B2mbyaEvd14,761
B38iCn2jHhw,762
B3h9vteBjWs,763
b3pEAefUY6k,764
B3q2sXdCiS0,765
b4iqeVRLSy8,766
B4LQ4mgAMuA,767
b4XZVN2XVmA,768
B5brPdwUQPU,769
b5l1zAW-Pdo,770
b5YcStwxIiM,771
b6dsG7oVl2I,772
b6Jtws6OOF8,773
B6kQsAy9Cmk,774
b76pBUCvZ74,775
b7OnOQ8b-n0,776
B8SXKBrbIuE,777
b9q09ZTEjZ4,778
bavKkW74vxs,779
bb99Ql6TrOY,780
bbDeoDP8dp4,781
bBSwMNRKCeM,782
BBvWMF1nsbs,783
BBwRMVlPcD0,784
BBZCOlH74qU,785
bBzRlolOezQ,786
bcq2ufpAZpM,787
BCtSxmdSCFs,788
bd4nPPMBG3s,789
bd87Xaou06c,790
BdWOA_EyZIs,791
BDxqrwslc4o,792
bE08s2BG8N8,793
BE6R1439lFM,794
bE75pYQIa9s,795
beffsLKXCV4,796
BemJ2GfzEvU,797
beptGssvCuA,798
BeyghiB6Ihc,799
BFSGnLCzybI,800
BFw46DxTbE0,801
bg3KbQSILYA,802
BG8NDmiVMfo,803
BgbNEbSseD0,804
bGuGOt4e4yg,805
Bh8SsF18Iqg,806
bH9oc8U4rW0,807
bHM8W-SAf-g,808
BhzDm3H3rBQ,809
Bh_FjKyC0Ok,810
BIcfQ_p3Qu0,811
bIo83v5Is14,812
BJ4B-_XTdzk,813
bjJpNZub0s8,814
BjLzpxWWfWE,815
BJoGg-uorJI,816
bjPRwGQfxLc,817
bjWyS49iOek,818
BjxSoz-bySQ,819
bK53pq_-3b4,820
bk8GdZDM_Yw,821
bKbmY68xSwI,822
bKiNHwdKOCs,823
BkvotpsMnKA,824
bKw4XXo2mdc,825
blBuQsJiVqs,826
bLBXU3RaNbI,827
BlC6hx0S8Z8,828
BLiRhxvI6dQ,829
BljlVFifXw4,830
blq3tqDbYew,831
BlVmX4TDpug,832
BmaeZZ8AI1Y,833
bMCUNgrNwio,834
bMeC0L1XeDc,835
bmkWSG-f5VY,836
BMOZ7XI3dmo,837
bmTvTUQ9vIU,838
bn0Kh9c4Zv4,839
bNoVEGaPTPg,840
bnspR6V5NzY,841
bO5Gf4gFAmg,842
bO80edmCXXI,843
boUfpLpWUq0,844
boVJmi5ZvgI,845
BoVOcHtOIrk,846
BpdpJN2ta8Y,847
bpLyOlwapYo,848
BPp7YJzIZv4,849
bpxmUUJYWfQ,850
bQ2RZ03fV8I,851
BqqQiV3tLpg,852
BQujg_BeXLg,853
br7JW7DBnFk,854
bRgYOyRY4Es,855
Brl9o2b6Az8,856
brZhvBlojzw,857
bsfb6sKb5D4,858
BSI1vZBthAA,859
bSOjLnYND-I,860
BSq7coOhUD0,861
BSvCd0s2jEo,862
BszffqYpW8E,863
bTa6ECwJyoE,864
bTI17_JRVbc,865
BTnSFoHHehk,866
BTW2sPP3X8Y,867
bu4dzdXtmTA,868
bUfoEB_qGIM,869
But_qBTK-IE,870
bv4JYYjzGzc,871
bVjJlgo9wEA,872
bVOINU-QEMg,873
BvRc8tOuRYg,874
BVXkhvA9QPs,875
BwELi6VExfA,876
BwQZ6FVTNtI,877
BWSyh4BeIy8,878
BwwPdlpZukY,879
bWW_zhaN_1A,880
BX6bKFpsrFE,881
bXjJUK-LDLs,882
BxmABSVqc6M,883
BxOxy4GBPCs,884
BXztaU5kg6E,885
BYijmNV7MrI,886
bYNBCo3WsIw,887
bZuUlLrPXd8,888
C-8Z8K6rOFY,889
C-BQK3A2vtk,890
C-ZHnv4j8QI,891
c0bhSgOC1wo,892
C0F-JwbjoQg,893
c0fEaflFK1E,894
c1er0ArMSGw,895
C1hKP_HZi5I,896
C1TknmgZKJQ,897
C25qzENWeVk,898
c2n8WvhRbwM,899
C2vLTiXCGQM,900
C3IsbH9A750,901
c3Pa3wqjnPo,902
c3RlOnd3fTw,903
c4e3fk1PmWw,904
C4ZYPTko8bY,905
C5PNCNl1V6E,906
c5pv3tnFB2M,907
c5ydNTReKR8,908
C63yKNqUNyw,909
C680oxL__ck,910
c7vd1ZSEFvc,911
c89qYmPDojI,912
C8LTKrNCBZo,913
c8YbsdRNdvs,914
C9UXrecQ84M,915
Ca2dGZKsc9k,916
CA8si7rZHiU,917
cAF8KxwG2O4,918
cAOhcEp3KdA,919
CaPVl_csfYg,920
carqXVBtzv8,921
CAZbD8A46Ws,922
CBCWVa_cjWE,923
cbKAeBl9bbs,924
cbrc-SHKwO4,925
cCH5BUfvNTY,926
CCneE-dDOVE,927
cD0vZr_jhkU,928
cDF7J9kupqM,929
Cdh9DwGWrY0,930
cdOE7Q5977I,931
cds9l7m37VY,932
Ce5ETdxw2TE,933
CeFzgUsIvkw,934
CeJ9LTP0cNQ,935
cEqEW2YDZEs,936
cEqHcmg6Qm0,937
CeTDAUMIksw,938
Ce_vDjlRg-o,939
CF1qjmQgOWc,940
cgnd3ArE1PU,941
CGwWXp7zwTI,942
CHHNKOS5_AA,943
cHjUpDvEamk,944
chMHgZ4QJoM,945
cIczapQFDUQ,946
cIRcGSOyvgQ,947
ci_1DAvUvPE,948
Cj5lWhtsqdA,949
Cj9HOEZDbhQ,950
cjLKGKqMT08,951
cjQzbtBt9jY,952
cJzSXw27kiA,953
cJ_I-fwNXQA,954
CKbu8GnmXo8,955
CkfaaLezwZ4,956
cKo9ZkWubi4,957
cKOrW8YtlXY,958
Cl7EPTWhfLU,959
ClfGxMqvrlQ,960
CLJiNH7E9uo,961
ClpTLxr1RHM,962
cMAIwmlKwuY,963
CMk-GT8Uv-8,964
Cn5k9w3ZLr8,965
cNaHY5g5E54,966
cNe6KOvMteI,967
CnJUbPwJh6o,968
CnmFwYvDHgU,969
cnNS0EUIy-8,970
CnvUNZXNQA4,971
CObaSbvaZZg,972
cOBrgf186kI,973
COM6LscEOm8,974
cOpoWIO3_YY,975
COTQPmQbWCQ,976
CO_ibsvQSW0,977
CpY9QMSlU_0,978
cR7E8phOWTM,979
cRJGO6B3S_M,980
cRk2GNH5_Lg,981
crQSacHEVTg,982
CRTIh_yxT9M,983
CS3MmkICppk,984
csbdiYAv8qk,985
cSF8uOjcSOc,986
CtHzOl7aIaM,987
cTnhoxNkno8,988
cTO7Km5ALAQ,989
cTOQa4IjwAk,990
cTrAAo8wsDU,991
CU2p87qbMec,992
CuHGQ6nClBE,993
CUz2Eq5oCCc,994
cV2gBU6hKfY,995
cv6ZTy3tECs,996
cVLAuxFYik4,997
CwDZxKw6y7o,998
Cwiej2cY1hQ,999
cWtpgKbwhEg,1000
CXGhiOXHZl4,1001
cy-iZgqpwiA,1002
cYf-ZXgOYxQ,1003
cYnr5MxhZoA,1004
CYU7d-Blw6w,1005
czAUCXu3Dgg,1006
C_GrSl-EdMg,1007
d-4kM1ANGN8,1008
d03LAqBGcMI,1009
D0GuhVU8Td4,1010
D17_dKC5X-g,1011
D1G90F6edXo,1012
D1mLh72bcOw,1013
D1wEJL-sGjw,1014
d1XJgm1lJsU,1015
D22I6kXa6lw,1016
D27Q47OJxlQ,1017
D2FPfTntKqA,1018
D2mSxGv2Z5Y,1019
D2oSgSMIw5o,1020
D4Po2P11yLo,1021
d4TSbglwBHk,1022
d4wLUoS_0z4,1023
d54uiEm7BXw,1024
d5SS6oBzwjY,1025
d63psabNyt0,1026
d6xdj8A1AFA,1027
D8J3EQL_Ak4,1028
d8jaK-DxZds,1029
d8mZRVKGnIo,1030
D9Fi1GtNJTE,1031
D9gjc_nLZN8,1032
D9MisMXibog,1033
d9QfgyzQTFs,1034
dAaDbFBovjo,1035
dajkf39zfzA,1036
dBBW-_-ktp8,1037
dbfanwdjLe0,1038
dcaF4lIeX-I,1039
DccdK5C8YBg,1040
DCOr3Pu5DtE,1041
dE6O92sef-Y,1042
deA5hnKb5jQ,1043
DeglYv0pGKE,1044
DEp4lJNVvhg,1045
DfgI8aUJ9Mc,1046
dfoZwJxEJAE,1047
dFSr6RwqT7E,1048
dg2Ag3e8W-Q,1049
dGeQBNoYZrw,1050
dGmu3WgC59c,1051
dgnNM9NzfLY,1052
dgou-rPn3Qw,1053
DGrVpcgyjOs,1054
dGTFKS48TGQ,1055
dH6cuw8L7rw,1056
DH6MMu0TH5s,1057
dH8e3unKtCc,1058
DHLF4JyrSQU,1059
DHM2epDAdT4,1060
di8sPan8eMg,1061
DigkFCdWUVo,1062
dIJO15-gG7Y,1063
dJAb036J-kE,1064
DjapTkJSAp0,1065
djiOuflxL60,1066
DjkxaJeCBgI,1067
dkdUzBdHcZE,1068
DKKD0056OfY,1069
dkqWrXkXoZ0,1070
DKuVVVJE6tU,1071
DL3h250yKFs,1072
DlkNwp4CrVc,1073
dloVWw-zdvg,1074
dlSGejRZDOY,1075
dLZuxrKvawc,1076
DMh2ue1mLx8,1077
dmKM5kQJ2jE,1078
dmVDCm7KQp4,1079
DndJUtYiW5I,1080
DnfMfl-6wbs,1081
dNFWKVPJq4E,1082
DNhW51hHOTc,1083
DnKplSdTfYw,1084
Dnno6r0rpn4,1085
DnSMmywweiM,1086
DNUvJKoaZM8,1087
DNWXGGDq-c0,1088
DNYhvE3clHM,1089
DoOtFL9mcec,1090
DOR6CDIFd7Q,1091
DoVSNY1RKwY,1092
doYnieVdCDg,1093
dP7y6E0XZY8,1094
DpGIoIhV00c,1095
DpmA6AHB2fM,1096
dPXBIQtGjyY,1097
DpZxqp2gxHw,1098
dq04dCKVGTE,1099
dq5UiEqE1wQ,1100
dQ6PQtD4z1w,1101
DQ7ByWuVH0g,1102
DQAJvbfyzkg,1103
dqbzzx70ToQ,1104
DqpzGE8lcB0,1105
dr3_T5LQxnc,1106
drhLE8hJ0QQ,1107
DrkzbzCAUpY,1108
droJjHT2wt0,1109
drvxsPfNF_E,1110
DS4gVCFYLqg,1111
DS8vectn0NA,1112
DsVGe05WWFE,1113
dt8Cb78o2j4,1114
DTLDfo5bnCQ,1115
du1j-WM0mY8,1116
dU4RUzKboAo,1117
dUag_0dOHdI,1118
dUhsfcR3MYQ,1119
duJlASsU0i4,1120
duVGdwnPOSA,1121
dUwRq9UhAYY,1122
dV-wAnS14jY,1123
DvIup5AeYzw,1124
dvSKeFiL_Q4,1125
dvuQxP-j8Cw,1126
dW6AgNDvajA,1127
dwmVd3_GeiQ,1128
dwr9S6-Cltg,1129
DWXTeMsKrYo,1130
dXiHasuyUjQ,1131
dxSRjzzFXQg,1132
dY4rRqmBfRU,1133
DYGWPBjczE0,1134
dYHp_0tgfA8,1135
Dz0tXPDQyZQ,1136
DzezYqMkHKw,1137
dZHlMi2CORY,1138
dZQOgzRjqy8,1139
DzT7uYw1kZg,1140
dZUkC-r_Kmk,1141
D_3Ar7XFIeI,1142
D_6FIdVC-Rc,1143
D_soMqjl6h8,1144
d_UvNgoOr7g,1145
E-8nJKG-3sc,1146
E-GiXyH2mL8,1147
e1rjjqfcaPk,1148
E1zWCkFBXxI,1149
e5GezXZYT3k,1150
e5h5YUiwXrg,1151
e5mrqpL6lSo,1152
e63MwkVby88,1153
E6E22XQPhhg,1154
e6pYpMpOc24,1155
eAquLmrMnnw,1156
EaYIKYT86j8,1157
EaZkQlBk2FA,1158
Eb2bZJR5CvU,1159
Eb6VRr4Sx5w,1160
ebHMAZu8yhg,1161
eBlWJZnu3Jo,1162
eBQ01TNhuwc,1163
eBTwRLBbUFQ,1164
ebwEl_-WvnU,1165
eBzkPHyJ1Tk,1166
echgh2AwRYU,1167
EcxRox6uy2Q,1168
ED3OpWqcTyY,1169
eD4fIjUZO1Q,1170
edCFfP9iMwA,1171
edg8uoXzZHQ,1172
Edh_4aw-ATs,1173
EdIbh2XWabI,1174
EDmEbklzyG4,1175
EDSgMk22bUM,1176
EDYCoBwmPWY,1177
edZrjBKpB2Y,1178
eEADj6uW8RA,1179
EfBy1nFFhi8,1180
EfHIPMOOMxs,1181
EfKjqk24BXI,1182
efkrDsUiqzg,1183
efr1QqKynvM,1184
EgdfFCDutg4,1185
EgmHW-IySA8,1186
eGO7vFT6Zks,1187
EHFlWSDEmWE,1188
ehkPOD-5wo8,1189
Ei4KP5uVtBg,1190
EiuGMoPj08E,1191
eJbjVkzM1gI,1192
Ejt37cBr3E4,1193
eK1IiEH49yU,1194
ekGY_E457f0,1195
eKZHHEIcWbw,1196
EmKzn694EBc,1197
EmpzblX2II0,1198
emSuFno1YsU,1199
EnED4leelMA,1200
engCUyfclZs,1201
EnTcgFv1Phw,1202
EooWtJ-7VMA,1203
ep-2-gYsUmw,1204
Ep0z1QG56UQ,1205
ePcHiRwg_-0,1206
eqFliFgqyTg,1207
EqKTTNy87f8,1208
eQOaldUKLyI,1209
eqS2selBFvU,1210
eR-4Ww61eMI,1211
Er8WzzPDdcE,1212
eRg-fXIP9Ys,1213
ERjBZXPn-Ik,1214
erW448ZDT1A,1215
erWINGggTh0,1216
erWU7m-IffA,1217
ERykw70o2O8,1218
es5rNtBVJAA,1219
esDlUtMQmeU,1220
Esg5tyFkwGM,1221
ESl4_m7eRIA,1222
esS8iV1Dp6A,1223
ESu3uOS1BMw,1224
ESw0aKi8elE,1225
esxW-CakLOk,1226
et4C1_fHFy0,1227
EtljO5ZySrM,1228
EtR9tVHNHbE,1229
eTRv6-xV-2U,1230
eU0kK1uFPRc,1231
eU0Pgut3veY,1232
EujvNtujaso,1233
eUrJj7pxg1U,1234
EuX1026BZNs,1235
ewE04gUMFo0,1236
eWI3kegsfCc,1237
eWIQSjYW3cc,1238
eWPLc4eIfRw,1239
ewUEbfUYpyg,1240
Ex2mVaHqoQ4,1241
EXDh1afKvLM,1242
eXIMYIsL-oE,1243
EymbzLnRYM0,1244
eyn8OB7HUPc,1245
eYrvYk3K53s,1246
EyW1Hu8pQQE,1247
ey_M_evlEck,1248
EZN1Ncirjuo,1249
EznMv1RFfXU,1250
EZT0xdZX2o4,1251
E_dcQX6drt4,1252
E_FJRz0JoZY,1253
e_pWSXBk8l0,1254
E_s6E2i29uw,1255
f-bnOsiPNYc,1256
f-H5WiZfqdo,1257
F-UzbodA-PQ,1258
f0HwU-PXc48,1259
f0wlX3APuw4,1260
F0z2hyIQJO8,1261
F2q468RTgUw,1262
f2uBTvsO468,1263
f2y91BddEoI,1264
f3INmjT5gEI,1265
F3jts0THr0M,1266
f3l5aOYxJo4,1267
f4gaMdLnKlI,1268
F5BnrXqyuv0,1269
F5f18ceKEnw,1270
F5fg1arQUsI,1271
F5O_hB800yA,1272
f5PFM1DFQKI,1273
F5QKHTA7d4s,1274
F5t4OLgqWFA,1275
F5Wr0KAGwCk,1276
F5_AoX_HzHY,1277
F6Wd7A_bbcU,1278
F7pOLVh8CLc,1279
F7qrPPCo-QA,1280
f8AfXsYFke8,1281
F9uAm63DOsM,1282
f9uvDJd2FX8,1283
FaNiUrn_Hfw,1284
FApJ5WS9XOw,1285
FaReFrZelwI,1286
Fb3MIuLMJhs,1287
FBF5MwQXRAE,1288
fByi3rKgZ_g,1289
fBZ2L84D2UA,1290
fCab-aTSCS0,1291
FCffjiRrW4Q,1292
FCS6mTE6kFE,1293
FCsBbbBcCjw,1294
fCwx4CZMsww,1295
FdWWUG0Ae4Q,1296
Fe8B8YWUwVk,1297
fED4W-W7eRg,1298
fEnykwtCCyA,1299
FeRDr7g0Efo,1300
FEt7WC_IiCk,1301
fetiQv3-pQM,1302
ff6qocr_s_g,1303
ffOVY_Fy3hE,1304
ffwk2fwBEtY,1305
fg7Eal4N97I,1306
fgcjqNDff0o,1307
fged_Gt2coQ,1308
FgIEHFxDCck,1309
FGIoa-m64vE,1310
FGmLGYy3lGg,1311
FgvESCf8L0c,1312
FHch9XxzTmw,1313
FhdLHCLDJ4Y,1314
Fhhc1vSvU8M,1315
FhjBSoQ_Ffw,1316
fHOrEXYKTlE,1317
fHZjcleXwdg,1318
FI2fohgfUdY,1319
FiD8zxXL3I4,1320
FigO3Z7Mze4,1321
fJU0RCzh2wU,1322
fKBVmPi61IE,1323
fKIci2LKPXI,1324
FkPqgmqs4zU,1325
fkwlcYHaQUE,1326
fl6yGcrA6_E,1327
flA4w8DWh4s,1328
fLGFcb5I_-g,1329
FLnr8KyWaBQ,1330
FLxi1ay71tA,1331
FM7Z-Xq8Drc,1332
FMBvTjFxNYI,1333
fMfipiV_17o,1334
FMfLsmjfKpE,1335
fMY7ZWcJoDg,1336
fNK8Ba-yI0Y,1337
FoBofMhgAlE,1338
fOcTsYDApO4,1339
fOnfcoM37SE,1340
FOPMHb5C7-g,1341
fp4F_fpFvgY,1342
FpdvoJRDLYg,1343
fPJnVMu-dAY,1344
FpjTyEMshWY,1345
FQ4L6_K5OVc,1346
FQ4vxOTGT5A,1347
fqvcwmJIbB0,1348
FqwUlwS-jAI,1349
fR4v1g0vftM,1350
FrDiunCugjU,1351
fropDY0S850,1352
fTUt8SUmABk,1353
FTvVNVmtDec,1354
fTwaqIigVVU,1355
Fu91HwN9XGo,1356
FUAOp-f1tDg,1357
fuchP1pVgD8,1358
FUE4oZ7c9Zg,1359
fuhE6PYnRMc,1360
FuwEGnIEy9s,1361
fVF5neixaLY,1362
fvhYFAhoDu0,1363
fvw_y7bZxjo,1364
FVxFstbi-0k,1365
fwBa7cl-dHo,1366
FWjhv12cQZ8,1367
FWyqWjJGofs,1368
fxyiyizJCrE,1369
FYBGtMtdWzc,1370
FYcQlVr3yLg,1371
FyF3TbnavHA,1372
fYFfn_nRgwE,1373
fYJgwYpSxVY,1374
fyXTMeQl92A,1375
fZbBAVzUR1I,1376
fzeYs6WwzRo,1377
FzvZVIfNFjY,1378
FZ_q7Xt7kLA,1379
f_B4yjUgTmI,1380
G1z3AxujTbI,1381
G4ccKJ-7qy8,1382
g4mAobBHu1E,1383
g6kKBvipbLo,1384
G7nsvLH01LY,1385
G7UxFY_zby0,1386
g8I4wi_h9Uk,1387
g8uFnD563hc,1388
g8_FIRDwc7U,1389
G9ElBNEsxVA,1390
g9FRqJKdiHg,1391
G9G9lJGClNY,1392
G9GqRkSSAYA,1393
g9mJsnNyYI0,1394
Ga245nBDnYQ,1395
ga5CnpOAgR4,1396
gaGwpgXUHdE,1397
gAVxkZgt1Zc,1398
gbchdCJ4kWE,1399
gBEL6oyX96w,1400
gBLc-PGjb90,1401
gBlFU99vFqI,1402
gbqaFLa8UhA,1403
gbrgLV2dMWQ,1404
gBVyVXvQE8o,1405
gBWYaSYuYfI,1406
gC5DO3RnvPU,1407
GChN-I0s43c,1408
gDDdXc_XnCA,1409
GdkOCNVvIDY,1410
GDsuC-3a5ug,1411
gduAcd9yVKI,1412
gdvetVY8JKU,1413
gdXQcjLkhP8,1414
Ge7W3gWXdis,1415
GecdRVZYaDQ,1416
GeDXu44pvOE,1417
geVEoeAnR-U,1418
Gf0j-4ge7u0,1419
gFFCnPZLKjU,1420
GFIZSyeMDT8,1421
gfPj-5IEL4g,1422
GgbuHhiSeAA,1423
gGWNhvz-chk,1424
GHFf8ZOTUfo,1425
ghp-C_aW8WU,1426
GI8ShUGTedM,1427
gIAhcpvtTD4,1428
gijHNmJusG0,1429
GiQec3HU48Q,1430
GISg-uEmK8w,1431
Gi_jMceqeLM,1432
gjJ4BR850Rc,1433
GJkc7vW2ciE,1434
gJRbq4Kq2DM,1435
Gk2t15bM6z0,1436
gkydh_0ECKk,1437
gLcaf62BrfQ,1438
gLRfxC9LoM4,1439
gLU6rvwtsHk,1440
GLwwD0JzfHI,1441
gLyeKN6btB8,1442
Gm3GcOWSAnc,1443
gMFBJuubbO8,1444
gMlHtxHdodc,1445
GMQQi6q7dpY,1446
GMt5xULVgV8,1447
gmz6DMZufZM,1448
GNLiLzCul2s,1449
GNZGchXeSCg,1450
GOi8kb2DlRM,1451
GoO59ooLkto,1452
Gqjt9yiUr6Y,1453
GQkaw9rK5Es,1454
gR-ZqZlg-i8,1455
gr5wW8eyNco,1456
gRki6xjubLc,1457
gRlHgPRy3tA,1458
gS-9ZEsp8G4,1459
gss6JK2-IbQ,1460
GtICeK2DeFs,1461
gtoxiKmhORE,1462
gtsS_b1vf5U,1463
gu55fCygM2Q,1464
GUCgOtuV2zU,1465
GUKeb5NZ9uI,1466
GUt690hjw74,1467
guwxz3LuKwU,1468
GVlI-gy69_w,1469
GvoOEW1QSEY,1470
gvZUM9XAMwQ,1471
gW7nVJViqbQ,1472
Gw84RKXST-k,1473
gWSpOdNxHbo,1474
Gx6VeIIbWwM,1475
gxL46lJo6SU,1476
GXQ00jxxe3E,1477
gXUpa1s5QtQ,1478
Gxy2-TBQq2E,1479
gYAaorSj3hg,1480
GYCSNmGhtdw,1481
gzam019vnJM,1482
gZckT5mSWl4,1483
GzH-y77QdQw,1484
gzK8n04DY3k,1485
g_Xkff-tWd0,1486
g_zMP9QOgDs,1487
h-mgs9-pTCw,1488
H-yeF0pTJig,1489
h0AQ5riLfA0,1490
h0iPUzEpbL0,1491
H0sdjCUxnx8,1492
H0Y2tOMWGrs,1493
h1c06ui249Y,1494
H2ajCFkT7LU,1495
h2cfezFKZ44,1496
H2IG9EmnQRg,1497
H2Wxd7NqAlo,1498
H3yXchVtXz0,1499
H4HoD8AqdXk,1500
h4zJ3abIy2U,1501
h6BsGGIWgm4,1502
H6G2y6jA_6Q,1503
H6RhFdTHRqA,1504
H6za-UIrPew,1505
h7-NxDby2oM,1506
H816m_byQoM,1507
H8eWvgtaQN0,1508
h8FZUCJUnRE,1509
H93BoJI14Is,1510
h9Dt1kIfeo0,1511
H9Gi0c2D2Xw,1512
H9Y8mXH6BgE,1513
HANpctCwISo,1514
hAOY55E8ue0,1515
hAqcPeQv8no,1516
hB-6cItSOiM,1517
Hb4j1BqhzzQ,1518
HbBEKpKObKQ,1519
HBMjJOzjEwI,1520
hbR8mgwidmg,1521
HbTqOA5gXWk,1522
hc5xtLVRAW0,1523
HCI1aesHXKk,1524
Hct41V93x2E,1525
hc_WB-hVQMw,1526
hDIiEJ5HLXQ,1527
hdpQCNNKFH4,1528
hDSNVERueuY,1529
he0E5DqQaxA,1530
he0QuxN8B6k,1531
hE7PlDzEG5c,1532
hejzjr8CPMY,1533
hEmtv2_94Vk,1534
HesquJf66bI,1535
Hf1JAFgfYYc,1536
HfJMs4mrSJM,1537
hFm0p5vcvXI,1538
HfqmG4faPvE,1539
hfzWq_eptVU,1540
HG4ASBzkSeE,1541
HGbtNpe-wxQ,1542
Hge0ggw4QSk,1543
hgR_cMcQSH8,1544
HGy9jTkkt6M,1545
Hh4qx_KaVwA,1546
hhjJBgAv10c,1547
HHwMMwgXXdI,1548
Hi69bPcbOf8,1549
HiAsumke9qM,1550
hIjPYu95xlo,1551
hIMnPDJBrCs,1552
HiqstercHEU,1553
HIUf-eGaw6M,1554
hIv2iFwhSQc,1555
HiyRcVDumOk,1556
Hjiw1DCsVhs,1557
hjK55o5VGIA,1558
hjM5KE5bMWw,1559
hjMpBYar_3g,1560
Hk3by-avQ5c,1561
hKBY5NXp65c,1562
hKdRUFchT-w,1563
hKKmoVduvGk,1564
hkm7m8SWu9s,1565
hKnWvgy9Tgc,1566
hkO3rIZSetk,1567
hkP2omrzsGs,1568
hkPphZ6pIa4,1569
hkWSCZ_bVm4,1570
hK_J51F06vE,1571
hL3F63n25Nk,1572
hLDaixAcToM,1573
HlkX99EUfuQ,1574
HlZ_u4pLejw,1575
HmEyLemWqLI,1576
HMGU6xmyc7U,1577
HMVPfXZ1nG8,1578
Hn83UpIShq4,1579
Hne50tBpxmI,1580
hNualoobNJw,1581
HNVAQD8yZvQ,1582
hNWBydsJi3E,1583
HNZVfS2XlYE,1584
hOAzHq3m_bA,1585
HpBQX6MqxGQ,1586
HqcyGEJyQd8,1587
HQG37yjKy84,1588
Hqlp6ngfYaA,1589
hrFJuwLScLM,1590
HRVkcIuQD-I,1591
hRZLBhxjmzI,1592
HsC1rqlx6rI,1593
hsdRnvvp5hU,1594
HsPrnY0JM8U,1595
HsVGT-ey1NA,1596
HTs_mIQPxtU,1597
hTtu_a1n74E,1598
hV0vNDZ0iKg,1599
HvibkCtL8pk,1600
hVP_5e7873w,1601
HvwRv0O85aM,1602
HWtjaD4O1Zs,1603
hx8QPr0d5e8,1604
HXKZYcvEGAo,1605
hY3_bMrqaUA,1606
HyvqRPsSR5k,1607
hZ3mZRc5Rag,1608
HZb6oL6mz4M,1609
HZDfOTZEgk8,1610
hzIfcK3tbvs,1611
hZR5RWzqjI4,1612
hZxHFLNCYd4,1613
H_ESvgyZcdM,1614
h_EwFOv9xmk,1615
I-l-QHFdQ9Y,1616
I-pBdMRsIks,1617
I0oIfHwLieQ,1618
I1jsGcUFx3Q,1619
i1KU8adicF0,1620
i2QfOpI1tRY,1621
i2QVc2ospVY,1622
i4cgfjZ5QKs,1623
i52OaD2HYZw,1624
I5OLWtcx3sY,1625
I5ovDL3Jbzo,1626
I66wggIQnyQ,1627
i86guxEPKKU,1628
I8G7SE4f1J0,1629
Ia1AFCpB4BE,1630
IAaEA_Bs_t8,1631
IAg9XLbH-fk,1632
IB30pea2Bag,1633
ibBQz0UWXYc,1634
ic-UgQgS14o,1635
IDvqc2fxJQs,1636
iDzpAXK9yzY,1637
iexYXx-Orng,1638
iFFyKyFjPPg,1639
IfUUie6rSqk,1640
IFzy0O194EU,1641
igA3j7U4j2I,1642
IgIpcNfHdPE,1643
igP-Ff_NEtA,1644
IH5_21z6qcY,1645
ihcAD88LYnM,1646
IHCfafhITro,1647
iHo4tPCnh2A,1648
iHpCE9vc-8I,1649
ihvifcGMVjE,1650
IIg5iDNBTuE,1651
IiHCw4oxUDk,1652
iij5vQ3l6ao,1653
IIY9K64msXU,1654
ii_N0p_1a0w,1655
iJqF89zAExI,1656
IjRVVsWiql8,1657
IJy-LVQpi0U,1658
ikU3ZUD11Ys,1659
iKWJV6p-WRU,1660
ILafVfXq6rE,1661
iM-SW1nxfMY,1662
imdXERySLEg,1663
ImF7phR8_PM,1664
iMNMKgILUzY,1665
IMNu5a0tLTU,1666
IMwmb_JKGS4,1667
imWsuSI27_g,1668
innHsO_OyGY,1669
inqffivxmh8,1670
Ins5uJ8wi28,1671
iO88QrZB_YU,1672
IOADf_k5_Y0,1673
IOBreIJeFvQ,1674
iogcY_4xGjo,1675
iOWJB3wuZr4,1676
io_RaMQlQm4,1677
iPES0Gjj0sc,1678
ipeZ6cc4w2g,1679
ipGOK3lhTwA,1680
iPPegrc4p64,1681
iPReijs4W0Y,1682
iPx-2i5XOTA,1683
Iq0YwrDuwkA,1684
iQGIjZWX5DM,1685
iQI-9Mtg9Yw,1686
IQKVV-Wr0Ww,1687
iQO657eHsKQ,1688
iqqZMjdYzFE,1689
iQVoZBB42lo,1690
iR1xHODTCtw,1691
ira7dc7k0uE,1692
IRz0E4jSON4,1693
IsfGO1lfoX8,1694
IShniAHQPSM,1695
IsRO_xoTdVY,1696
iSZ1wuxtoGo,1697
iT7TDW7vFnU,1698
ItaBRDugKhE,1699
itC_Zz4CykM,1700
itITXnpqrlk,1701
ItMyk5hi2p4,1702
ItTiQV-PQC0,1703
Iu8ZmhRphSU,1704
IUjsPMxtuLs,1705
IunSAgLL540,1706
IUSzO-9imw4,1707
iUTML-Y05bs,1708
IVCWl-5cziw,1709
ivfK5ReJ5Gs,1710
ivFOBWJm_FQ,1711
iVL1farUflA,1712
Ivt4u8zrDq4,1713
IW8tfV1EN94,1714
iWD_M6ccOJw,1715
IwtdGVPdJwk,1716
IwwntAap4MY,1717
ix9F6gd_U5w,1718
ixEkBzDqST0,1719
iXrUyq1q63s,1720
iYAolHysDgU,1721
iyGPWKQILJ8,1722
iYo_Ek-HRbY,1723
IZ6_mEP4pcE,1724
iz76RZfj2v8,1725
iZhLC0M3E_4,1726
izR1Hs1LZMU,1727
IzR6d1-8YwQ,1728
J-7KjO3X370,1729
j03joanL1nY,1730
J06hr70E3tA,1731
J0MFe01tcyo,1732
J1d5R8Qd710,1733
j1Rb44GCJbE,1734
j1tfZ0FYvZY,1735
J1UspbgZTtI,1736
J2h_Yjzn7sI,1737
J2VqRYqNt9U,1738
J35at0YgA1w,1739
j3aAWvSn4q8,1740
j3HBy7iSHJY,1741
J3MFBXNTYmQ,1742
J5hnkzITrM0,1743
J6na5vRDgCI,1744
J7imiIhyKw0,1745
j8bJMvOmZfk,1746
J8IZgrK0514,1747
JA-APw8a3jY,1748
JAHOLbyFuiQ,1749
jaoah7a2fIQ,1750
JapOVgjheyY,1751
JbDPYHMzVxY,1752
jbQ5m1FVzt0,1753
JBRwEKgJ4TI,1754
Jc3ZpNkQki8,1755
JcdkiPBzPa0,1756
JDGFh0SYNCc,1757
jdMNoQE3mIQ,1758
JE9gmx37DcI,1759
jEevWl6if1c,1760
JEHgh3zmkYU,1761
JEPZ812SzA8,1762
jETCExadH6A,1763
JEtMK-S7LuA,1764
Jeu6eddM4Bk,1765
jF-fKfAco6w,1766
JF5sV-FdbrM,1767
jfjTRKvB0pE,1768
jfm58WrpLMw,1769
jFVh5HZe3t4,1770
jG-U0HrE01w,1771
JG7EVK4z6Vk,1772
JggCnEWeDPc,1773
JgUYmCoQs6Y,1774
jgyTwWtvMdE,1775
JhwihNGLTj4,1776
ji5acny8JiM,1777
jI5IAPrjF1U,1778
jicaq9LXu3Y,1779
jIINmJlrXTM,1780
jIKB_8uDPbg,1781
JIVlYUUsPNE,1782
jiZom2kstuo,1783
jJfaAPmPgow,1784
jjKrE1xpyj0,1785
JjKYTa8oK7E,1786
JJOAtyyMDVg,1787
Jk38OqdAQxc,1788
jk7LbXUpmz0,1789
JkBJZWezq8Q,1790
jkg6vTn_CEo,1791
jlTrB-HDwGI,1792
JMd4eZBakJY,1793
JMDJpmLK4R4,1794
jmdXQj0vWVI,1795
jMVtjvc3O4U,1796
JMysXZAY-Nc,1797
JNBNzHeGGyI,1798
jNg1_yjlkzM,1799
JNJamsbGP4M,1800
JNQkc-y1veo,1801
JNzKUqlrd08,1802
jOaSb65SZTI,1803
jObOjhUkf50,1804
JpC31k5nC3w,1805
JpCvsYtVSaI,1806
Jpi3vEsGvHU,1807
JpkH6SBZJIc,1808
JPRJxpcwAow,1809
Jpt1LXsh4OY,1810
jPU3XjzSik4,1811
JQ4ulVcnORY,1812
JqPI7k_IdEQ,1813
jqqzlIxE0rw,1814
JRqFCtCNeCg,1815
js5TXqk6V4U,1816
JsclP6qVyl0,1817
jsm1Q_bXMKA,1818
jSNUkXxCNbc,1819
jSp7kdf7NjU,1820
JSvdVwn666c,1821
Jt5wX1n2f2c,1822
JTBTwh9dQX4,1823
JteLkjkt2Fs,1824
JtZTDxeRW0U,1825
JU0nNyiPYCA,1826
Ju3vGcsmQ4Q,1827
JUg1oOSr3pY,1828
JUyWqRbOeCA,1829
jv0uX3xdk68,1830
Jvki1rUQdYE,1831
JvQDW1Egy4s,1832
JvRHR5JPU8E,1833
jvxU03Kgqng,1834
JW-387gYb60,1835
jwCu_z5RWno,1836
JWj5v03csSM,1837
jwlWqegFISA,1838
jwpjJrNYKPE,1839
jx3dXSo95zM,1840
JXYoscY6hRo,1841
jY-BpPNvw9Y,1842
JyPHIlw-tvY,1843
JzBXvIFdbr4,1844
JznmsXmeHBc,1845
j_4BhxiY4s4,1846
j_RM8JfsYgs,1847
J_z-W4UVHkw,1848
k-CWURZ7f80,1849
k-LRe3UDmjA,1850
K-pIH3Zw-R8,1851
k0jHhbbBy2o,1852
K0v_GjT_2Sg,1853
k1mSUUW2ItA,1854
k32_27_25zI,1855
k3oVzAt4kOA,1856
k4_tUw6J8Jg,1857
K5ecWEIz17k,1858
K5jtNkHvX8k,1859
K6LAswoCItk,1860
k7C9bhMkbkI,1861
k7gQsWvUFEE,1862
k88TVG33BzM,1863
K8t3RhKBh9A,1864
k8VhPvGhNiU,1865
k9i__wo71Os,1866
ka0pw9RgASA,1867
KA1SWjerFhQ,1868
kA6KcRSbnEI,1869
kafuzOR9wsM,1870
kApYv98zetE,1871
kaxw2sxI8yc,1872
kb1PnRe9f6k,1873
kBiPbxf4C5Y,1874
kBrE7OrWkC0,1875
kBu1ZVqpO7o,1876
kC53R17yyXo,1877
kCeGiJbQoHY,1878
KCXPf0b1b-Y,1879
KC_WWMvn3YM,1880
kdBXbqqdD_I,1881
KDdOH9qB8as,1882
KDeI0tXuX94,1883
Ke-_XmFYwyI,1884
Keoc_pcwHuw,1885
kerEzDNLr_w,1886
KEXiRizALLY,1887
kexUhBMdg-4,1888
KFbOGkCoBJI,1889
KfKlWAts5kM,1890
KFV2tRvTYY8,1891
KgtNg9UhY6o,1892
kgykiW3P5Sk,1893
KH3xTFes3uY,1894
KhzPJ2SaSLg,1895
KI-YnGIvin0,1896
ki7kvO8kE-8,1897
kIoSY8OH8Q8,1898
kj0innSkrd0,1899
Kj1rJFegBVY,1900
kj8Rkp3S_wU,1901
Kjax9R4eysw,1902
KjmUVkyTLa4,1903
KJWed2Cb1cM,1904
kKeiAzm_q9U,1905
KLBnfuIjyKo,1906
klCnUgwe3aI,1907
klJO6l8zR-U,1908
klng0xtR3OM,1909
kMfggdYicoY,1910
KMhgex-UORc,1911
KMMsWDdQzZM,1912
KmVLQfIlIM0,1913
kN5wlnn7Pzc,1914
KnD88IbLQwc,1915
knHsSPpyhpk,1916
kNqdiWd5POg,1917
kO9hR3qfSus,1918
kOFfYHc1tUo,1919
KOJ5MVtD3h4,1920
KowxIB_cfXQ,1921
kp8OIbayqnk,1922
KPRpa8bOzs0,1923
KQ3zDOPGtnQ,1924
kqExOYWhd4g,1925
kqHgk9rdifw,1926
kqpak5lFxvs,1927
kQtT39HEo9E,1928
kQZIiR4BAks,1929
kr2eP1tn6RQ,1930
Krc1CcDoyIA,1931
KrLj6nc516A,1932
KRV2ipDhlq0,1933
KTKenlEY8j4,1934
KtnqvZrL94g,1935
ktq_nhEPj8g,1936
KtS9fvoGnks,1937
kupA-cv86hU,1938
KuYFpjM3KN8,1939
kViY2QOk-YA,1940
kvj5leqZ00c,1941
kVj9tlzkz-8,1942
KVr6gN6NJT8,1943
KwBdU_RxAps,1944
kwNeR4RoH8M,1945
KwWrMFmJrk8,1946
KXdEfATw1l0,1947
KXm2tl4oGN0,1948
kXOJan6uIBk,1949
kyeLVvn_IRk,1950
kYiYcM5EUwU,1951
KyPvAGwdM04,1952
kyS8EdexirU,1953
kyyL7urBkwA,1954
KZZ5RFW_n98,1955
l-d_ygtbaMc,1956
l0-Sh7ODEOQ,1957
l0fJ04hMG1M,1958
l1P0Sx8u1q0,1959
l1Zkm9h47Bw,1960
l1zxY181Jy8,1961
l235KG9iSvs,1962
L5Qs78Oq6MA,1963
l66liUQOMZc,1964
L6Qt78d3dt8,1965
L7AWhO35xrU,1966
l7fr7XWfyGY,1967
l7qOhR2FvvY,1968
l7uuKIj23lc,1969
L8cm0E0VB9g,1970
LaEvZ4whe_o,1971
LAjPs-c6rAs,1972
LaPCOLOAEug,1973
LArSxoNCVgI,1974
LaWgr9AV518,1975
lAZVxo09b70,1976
lBh1D8e0lZ0,1977
LbvQthqA7i8,1978
LBxMlFuhCYk,1979
lCA7PBhJ6h8,1980
LCldnRe4gXs,1981
ldNoAnUkKnQ,1982
LDnyjLFsrAo,1983
ldXkcSNXRV8,1984
LE13Uxrox60,1985
LEatXK7BF6o,1986
LEmt2AZ_zpg,1987
LEUmm4ljQD0,1988
lf5CBQ-6knc,1989
LFB9XKnGZtY,1990
lfs2p6yx_dc,1991
lfUBfaukdJc,1992
Lf_EHyK23VI,1993
lg083iNyLrE,1994
lGfFBXSNwn8,1995
lGGlzl3yudc,1996
lgk-VSzFfMA,1997
LgKwBazsAKg,1998
lgrIEZHsoPg,1999
LGTJfMr4ODY,2000
lGUc3Nd-HcI,2001
lhnMpufHXR0,2002
LHsxbV6IBwQ,2003
Lhx9TA5uGU8,2004
LiB9RTw5YsU,2005
LID0QLXOoys,2006
lIdGf1IpaFc,2007
LIecMAX5ZuU,2008
LIY-bshj3_g,2009
liZmrc9A6qM,2010
LJQV2u8zamI,2011
lKuPF_SCqQE,2012
lkzndBOwtLs,2013
lL7yFZd9ylE,2014
ll8B8E5goUw,2015
LLaPMqUNj5Y,2016
LlEjHNJTwNU,2017
lloqhHzZ1aI,2018
lLRMZkTz3gg,2019
llUkjExC0Bo,2020
LmcE81ieOz4,2021
lMcJJnPUoBE,2022
LMuP5aGa2xQ,2023
lnNnGYjt14A,2024
lnzDuayPRpo,2025
lOA_rk7LDRs,2026
lOB4vs6aRlM,2027
lob_KUkEJXE,2028
lOKASgtr6kU,2029
lOkKHG-yjKg,2030
Lp9Lib4boBg,2031
lpKkimrxTU8,2032
lpperDCI2CI,2033
lqcvEVZayjY,2034
LQdGS1T_xCE,2035
lqJ0qYArVZ4,2036
Lr-Ozq3ulgE,2037
lRfyyGhMXBE,2038
LrVnH1tqntI,2039
Ls-k46Dl6b8,2040
lS8j6nGj20k,2041
LsAcjMHbs9E,2042
LTAYmIn_WhI,2043
ltldAafFMaI,2044
ltLHXT4-OQg,2045
lTrGL6yMMYA,2046
lumI9Cjgi-M,2047
LuR150h1Iik,2048
luw3UDLfIhI,2049
lUxfiDiDMsw,2050
LV0jHRkUklY,2051
lV1c81Movqc,2052
LVkN6wuI6_M,2053
lW5Ja-40HtM,2054
lxsKUXDzHcg,2055
lXxM4Jocc5k,2056
LyBmJGYICmw,2057
lYEaYHwoTW0,2058
lynXM8OAKLc,2059
LYRZ-lOmdeI,2060
lyz5ZqtBdeE,2061
lZ9JUVYT7rA,2062
LzOTZXGX8Cc,2063
lzrcl8CBL7o,2064
l_6Jpq3b3vY,2065
L_nfV-OI7ZY,2066
L_Xizo9HtaM,2067
M0pJHe9OEhc,2068
M0YhWfPXcSU,2069
m14oRU-bUI0,2070
m1fTGQjP20s,2071
m2cYsI9i9J0,2072
M2Fn8XZkp5Q,2073
M2Q0ZMv-5EI,2074
M34XUXLdoXA,2075
M3eMugyvRtc,2076
m4KAJkEn_FM,2077
m56BT-bW6ps,2078
m5c5bXbK0W4,2079
M6eqKY2iQW4,2080
m6H7Kj4WgCg,2081
M6h_lDa61To,2082
M6WGjHRls20,2083
M7DhHGeXO2Y,2084
M7Ik2-JINGg,2085
m7nVXkHigOA,2086
M8DiVp4-SEg,2087
m8Ni_U7kFd0,2088
M8qQTbUgRfc,2089
M92dk10eAhE,2090
m94xdvd68-M,2091
m95SQXkf21g,2092
M9AeL1Fm-nE,2093
MAeA9Qh5sBY,2094
makxcj7NDjg,2095
mamNbhyBw78,2096
maT0sEYv0eo,2097
mAw9tXO6jmg,2098
MaYEzaGI2wQ,2099
maz2mIFpVXc,2100
Mb98VH-6G0o,2101
MBA21jLFFOU,2102
MbkBcymUILA,2103
mbn5uLRUokA,2104
Mc97cnzUigA,2105
mcg9g_QqNnc,2106
MctO7YLCWFM,2107
MDdGqxO4e0c,2108
MdI16A0KZHo,2109
MdKbNz8M0iw,2110
MDyKmFy4cew,2111
Mehaz1EJS7o,2112
MEkyGrneLSo,2113
mENeHtflM0U,2114
mePdv6aUJ5Y,2115
Mf7N2LeyfpU,2116
mfgvURQ0dCg,2117
MfIMjl6jChA,2118
mfpI6vViGI0,2119
MFrCYan6tXs,2120
mFSY-yu8WVE,2121
MG0rAlvGhVw,2122
Mg9vLOcgjQQ,2123
mhd60FPCVXI,2124
mHEH48mH20k,2125
mhgCB0HXIZY,2126
mhopJlgLpuw,2127
MhTqjZXsuUA,2128
MHUStzDoL5Q,2129
MIgeV4Vwwvk,2130
MiOQplIKxQY,2131
miytvcAfFww,2132
mj0mHdxCxeE,2133
mjBtdQZzNi0,2134
MKoULw841UI,2135
mkXpquqvRJ8,2136
ML4l0lW4jvE,2137
Ml8oh1z3re4,2138
mlAEHwSFTtM,2139
Mlbdmro0W0Y,2140
mLN_ydVJMUg,2141
mlUnE8IqTYk,2142
MM4XTOLl_5U,2143
mMFdxxp9b2Q,2144
mmyexOatbnU,2145
MMywj8M6aIc,2146
mn1WeGQY9nw,2147
mnPBTs1FEK8,2148
mNWDs9141h0,2149
Mob6q5QaDbY,2150
MOfn2IFsiTw,2151
MP21Qdk8jao,2152
mpt0XgIBYo0,2153
MqHRWpg8c9U,2154
mQl7SdLclKs,2155
MqsLqtSwTuU,2156
mrMI2xiDvwI,2157
MRRGV3AVhmY,2158
MRw5uAWBXIM,2159
MsGuUZ_W1rw,2160
mShSPExuloI,2161
MSO27F8v-TA,2162
mtJH6u1feGw,2163
mtrU-FZQyl8,2164
mU7M7SMJp9Q,2165
MuhpnJOwWhk,2166
Mv4n8wrnVcU,2167
MvsTmByJpvA,2168
MVWZt5G-LaU,2169
MW-2uxSPe7Y,2170
mwF-vBI-e7I,2171
mwKJfNYwvm8,2172
MwQ4-AnSxGY,2173
mwxBVSl8o1Y,2174
MwzgW4TBAH0,2175
Mx7m-z4wrVw,2176
mXBjj85KrXQ,2177
mXhQR5mzE4U,2178
MXiDlWcqghk,2179
mxj8YKgreeg,2180
mXnEeKSdrps,2181
mxsRyM7ntoc,2182
mXX-dHCT4Fg,2183
MXz75QlHjVM,2184
My9_V4kM-zI,2185
MYIi4Db-z9g,2186
MyIzBRgUl0E,2187
mYTSNLpHZbw,2188
MzcM7SRBCW4,2189
mzCMSiObO80,2190
MZgrbUXsqOE,2191
M_5z6MTWpFs,2192
m_AiLVYVilA,2193
n-6r_ush0Fw,2194
N0pwLtonPdg,2195
n1RczYq-P1M,2196
N2BDikfGjPQ,2197
N3e3MIN0E48,2198
N3q6-frZtKY,2199
n4dkzi5h4Qc,2200
N4j0qWioUq4,2201
n4ZBAsl5RHE,2202
N536FXtXx2U,2203
N5bS_TVQQAs,2204
N6PeThMnE78,2205
n7cjod9lF2s,2206
N7I8emhNMrg,2207
n823ZKwSRR4,2208
n8Vg7smK7pM,2209
N9HPwz1cQ80,2210
NA0uJFaCeiM,2211
nA2ccsWAWpk,2212
NAG-0bmV_x0,2213
Nb9xmsoO8oc,2214
nBEAs9X3_RU,2215
nBtPSZiPGqI,2216
NbXRyiAcpoY,2217
NcjjIbDKwz4,2218
nCSx2BWGBNM,2219
nD1mUzTwELA,2220
ND5dgzu1RRI,2221
NDCSqSKSOc4,2222
nDMcpWBOaYg,2223
NDX3Tg5bVtE,2224
Ne4pyuhjuo0,2225
Ne5sjGoEzHQ,2226
nebljIb9LmI,2227
NfD7xdQdzJo,2228
NfemrBid6RA,2229
NFmatBYbRBQ,2230
NfmQSb5DNXA,2231
NfpoyDRMfxM,2232
NFXaIWxGslo,2233
nFZKbv5j9DI,2234
ngfqelbk1PI,2235
NGkZkm3wgqQ,2236
nGLfqV9QYFE,2237
ngmDWcSAL1s,2238
nIfQo1zFlSA,2239
niHlGfO7g_8,2240
nIMskwH7jHE,2241
nIPaOVbCQUU,2242
NIrQQN2y3Bs,2243
NITSwW8LuAQ,2244
NIucdZGxJxE,2245
NJ2nRckeeQo,2246
Nj9v_tStQyQ,2247
NjBKCRk7uHw,2248
NJbxAUHvuxI,2249
njGUQBbUQtI,2250
nK3WUf018Rs,2251
NKp5qxgWcys,2252
nLbgRR1CR5U,2253
NLHeY-1exAY,2254
NlYKaNSArtI,2255
nM89Wl03Q4g,2256
NmrmrmX_yq4,2257
NNdSxgcovuE,2258
nnNcvUM1aEo,2259
nOc0gI3aADE,2260
noFB0AfzTD8,2261
nOICpApfILU,2262
NOjwjWge8lc,2263
NosgEt6bcTY,2264
NP1uoXLWOxw,2265
NpdstrACzgQ,2266
NPELE58GrwY,2267
NpU211ugXUw,2268
NQC_nIT42Gc,2269
nQHE7cPsU1c,2270
NQMyux2uCl0,2271
nR02pZ0kJuM,2272
NRbDkxe7SpE,2273
nrjGr2oXiAQ,2274
nRK40qZQ9rY,2275
nrLpK-xf1F8,2276
NrLw3oLuRpA,2277
nRmQMgtOjSg,2278
NrQSppxGhJw,2279
nRvFKFQhBiM,2280
NseWKR5DfR4,2281
NsIeNpKLyrY,2282
NT1eC-vZPMw,2283
NtaHvih1VXY,2284
NtFiHhrLcD0,2285
NtgyWkG1m2k,2286
ntTpvJx_4u4,2287
nu3QyPfojQM,2288
NuhPt6Eu264,2289
NUtoFscKUFU,2290
nUWHUb-JSJY,2291
Nu_1j-JGMHQ,2292
nV4vmfQ7I6c,2293
NvjRSvDZvhw,2294
nVpxjLRl5SY,2295
NVQ1i4sI6EM,2296
nvvUEj4GP9g,2297
nv_uSbrQ1P8,2298
NW0kzTLHxHM,2299
nwABqW5L_dE,2300
NW_M7d9c0Xc,2301
nxAm4JvQK5c,2302
NxifZmA7V08,2303
nYjHCc8UQFU,2304
nYNQbQ9n6eM,2305
nZ0SQ6pafx4,2306
nz3nu0Z0naY,2307
Nzdwq-OvRIo,2308
nZGYM8YNMkQ,2309
nzj4gJ3-XWI,2310
Nzz6-e-UuN0,2311
N_g0qBbMt0M,2312
N_Hrm6usJQ4,2313
o-ELe8F0jso,2314
o-w98jGGDtc,2315
o-WVX37qDX4,2316
o0xKwqILiRo,2317
O0zk1M-kHb0,2318
O2C8-f7y8FU,2319
O3dBYvT8-Pw,2320
O3l4nZQwcjU,2321
O44piry8GBk,2322
o47YFhLKgwQ,2323
o4Pfg7AkGmo,2324
O5sG_3X6G90,2325
o5Xg25nsxVs,2326
O5xlSWOQsDA,2327
O63Y5NNM_qo,2328
o6BJlCgm6FI,2329
O6YG-o42UgQ,2330
o7cx_hl8IGQ,2331
O7pSkkmOtiM,2332
o895rVYQ1gk,2333
O9G8eJfD6Qo,2334
O9pSfrgcOyw,2335
o9Qe4UHGULY,2336
OAe1SnyoUQI,2337
oAENVGxZpR4,2338
oAeWhFwVS-s,2339
OalglRdqIK8,2340
oALMtDKHUDg,2341
obC8sJSBoo8,2342
oblqgkVHu2A,2343
obVz4P-rX4A,2344
ObxQzi043mk,2345
OcHv7AJs_QY,2346
OCmkPh9gCd8,2347
OD7jCngF-a4,2348
odgKkam0OJk,2349
OdmwdaH2pRs,2350
OdwlkXTWbik,2351
oEA4LQ1jpmU,2352
oECaoHGUZng,2353
OEqn-fsAEhg,2354
oeX5yl0A9Z4,2355
OfZ-sWdGh30,2356
oGSlBoXsbnk,2357
oHHe01KoRfg,2358
ohsDnRZX3d4,2359
Oi9gxetlsPE,2360
OiSpDU061PA,2361
OjbcXVIv2iY,2362
ojbthMqhC68,2363
OJgsRyaAvME,2364
OJixo0-24nA,2365
OjKybBPcFWU,2366
OJw2igWAlaQ,2367
oK5OBU3Kcz4,2368
OkdlP54R33M,2369
oKdPjS7HADE,2370
oKdtqSIDveY,2371
okEgdBnfsVU,2372
OkMq44LXe9w,2373
OkyqWt9e690,2374
OL6OcUvoP1k,2375
oLhEuwMGrg0,2376
oLPvlyPBbyw,2377
oLSFavmCK1w,2378
oLUqTY_OUmI,2379
OLv_hhV-7kY,2380
oLZlDdqW7dc,2381
omCD1KtcNgA,2382
OmIZ0tlp6eE,2383
oncKd508JHE,2384
OnTbp37w9TY,2385
ONulIsBqtIQ,2386
ONxySHqU1VU,2387
oNZnfjjqPfQ,2388
OO8PPU4boI4,2389
OOZG6gpek2E,2390
oP3Go3dnBfU,2391
oP7jf3aVu6c,2392
opI8aqfWpow,2393
OpJrtZ97w-Y,2394
OQPqUshDCLE,2395
OQWzt_GlCx8,2396
OR0e8pVYyvo,2397
Or2cbNXXOlk,2398
orOix8u4u-c,2399
orSVRklal9E,2400
OTC2HNHi27I,2401
otFy3hb7DlY,2402
OtMbm_EW7wk,2403
OtTw7F8DybQ,2404
Otv7UpceJ98,2405
OTZn-MANQO4,2406
oUAjX6eqXZ8,2407
OuAU6Wv9M78,2408
oUbx7qpATsg,2409
OULb3A9vQTg,2410
oVo0anQyIsY,2411
oVptNo8bfx8,2412
owDfWObEqGk,2413
OwDMebkfsBg,2414
OWmdGEmDkDY,2415
OWNa-IIhN_M,2416
oWsX4pxy1R8,2417
OxiTt_4SyjA,2418
OXWIOIYVk-g,2419
OX_QgPuz4Yc,2420
oy7tZBb8n0U,2421
OYhNyNkx79E,2422
OyyHoIRLw4Y,2423
oz0RR0ni6Mk,2424
oztlesIgTic,2425
ozyYAdKvdW4,2426
o_MFLpB2pbc,2427
P03spcXiow8,2428
P0icOxIzrkc,2429
P0TVOnxYnZo,2430
P1AMiC_V6JU,2431
p1FfeXJeJfM,2432
P1OkSil_ojc,2433
P2MztnJgCn8,2434
P2NAUfpnrWE,2435
p2tgcfqEgas,2436
P4BlZkFqcqs,2437
p4kbYondmN8,2438
p50Z-PSulj4,2439
p5mSTy3-R90,2440
P6b_tkiph9s,2441
P6paq5VfWoI,2442
p80oqB6F-VA,2443
P8DeVRQ9lPM,2444
P9BC8oOEywI,2445
P9hxVaWvm58,2446
PA9svcr2lz0,2447
pAaP0nPJZVE,2448
PaGPYFjrg5I,2449
paM6D930rEg,2450
PaP55woR1pU,2451
pB-AoylTecw,2452
pBigPJ0U3FA,2453
PbzNgdsKRIE,2454
pcAiWd3bcsM,2455
PCYHG5Pdxgo,2456
Pd5kp6kKIwg,2457
PDEACrWm1Wg,2458
PDGuo9UBMJc,2459
pDYG8tfcUHA,2460
PeNLOjYql9Q,2461
PeNpKRASLRg,2462
pEW4-qGP2OM,2463
pF2IBuSVLqk,2464
PF4Bpw_OBcI,2465
pfLY0kxNgYo,2466
pg9Ej8sW9IA,2467
pgbExZ85Z4w,2468
pGBY1zn0NGQ,2469
pGIqyzBXBFA,2470
PGjDyZdpofY,2471
pGjjMbf1mRk,2472
PgQ5q2LiEaU,2473
Phmus4BXlXQ,2474
pHSb00vip60,2475
phskgoJz8q0,2476
PhZuT1WCH6I,2477
PIHHYI4VO3w,2478
PImTgWjCniA,2479
pIogzfvzQDk,2480
pJg4iWCLAk8,2481
PjZlEr3knA0,2482
PKJoPkimwNQ,2483
pkMg7JE0zWM,2484
pKML2O_BftQ,2485
pkTcEoca1EA,2486
pL-jZX8w3nY,2487
PlkuQTypiKw,2488
pmAqsYv0abc,2489
pMp6dAlTXT0,2490
pmsoVyvgCWQ,2491
pmUgsc48WXA,2492
pmx3oMy2Hyk,2493
PNcpAqEuh8o,2494
pnyy3BwOC8U,2495
pO0YAgOq-CE,2496
PO8WvnKALcQ,2497
poDgUtDEsA0,2498
pOezD-x_A4o,2499
powlYcy2HdQ,2500
poYNvQzw3ts,2501
PpBzkWg_YQE,2502
pPr6yIJF4I0,2503
ppUFl8Kxj-Q,2504
Pq63EUnsMiU,2505
pQsR0yP7oNc,2506
Prh7q5TqYaI,2507
PrmoHTRNJaQ,2508
Ps49VkSUDN0,2509
PsJSa74tWVo,2510
psK8oizujy8,2511
psmd5jb-KZw,2512
PsVm3OPOq5U,2513
Pt0x20fK02Q,2514
ptCuhmwlmho,2515
PTJMjB53GMA,2516
ptSrsXGOYNE,2517
pTVwHvrMQgM,2518
PuMYt4aDDyQ,2519
Pv8vq8OLPeE,2520
PviLEwrq-bQ,2521
Pvq6463eK9s,2522
pwfFigGhj6Y,2523
PwGEBPYENt4,2524
pWgWd7iNR3w,2525
PWrIFDW68xI,2526
Px2G1WYNN2o,2527
PxKr1Ho-Vgc,2528
PypnPvda7Mo,2529
Pyus-Em6Q9c,2530
pyZRVDBWyZk,2531
pzBi1nwDn8U,2532
PzrPEQmuwBU,2533
Q-ObTZ9-BMU,2534
Q-vd5xQsIi4,2535
Q12WzC2Dxfg,2536
Q1cdCJ-p50Y,2537
Q1r4AFcgCZQ,2538
q2-F-62h8ZA,2539
Q2T8-q9fGSI,2540
Q3EQd42lwkY,2541
q48q00mkBxw,2542
q4juvBoDMhE,2543
Q4SiEUwnfp4,2544
Q59456v0q40,2545
q5tqtHGx31k,2546
Q76y4mUiN20,2547
Q77KoQ-NwUQ,2548
Q7rAegl25YY,2549
q7va28hNehc,2550
q84181WWqsk,2551
q8oRdG1nQj8,2552
Q9DevcDV9Mw,2553
q9MGlEt88i0,2554
Q9Y6XI71wec,2555
qA-3bJ_-FUA,2556
qA-KkmhDYd4,2557
qAbAOBf9rfg,2558
qAjqj3rrxLA,2559
QAkpoUyfquc,2560
QbjvDXx0KAc,2561
QC8f51I7Srg,2562
QCbl1zZB9JY,2563
qCcM0cWbfko,2564
qcIpgUyNQC4,2565
Qd4BPA17HOM,2566
qd9dfQyL_jk,2567
QDNpHB-9FcQ,2568
qDSReJD_v00,2569
qEbQBJarUUs,2570
QECR7blUf98,2571
QeHgbRQnfBM,2572
qejj4B10m08,2573
Qem3JIqjKH4,2574
qEOx24ixggg,2575
qfGAhDawV9Q,2576
qfq-GROQ6G4,2577
QfukeZ122O4,2578
qfXCTXN8Tvc,2579
qFYcwbu-H-s,2580
QGaWgDpawu0,2581
QGlLO6yuX5I,2582
qGv38fEFkgg,2583
qh4S2OJqHY8,2584
qH9vP4N8e0I,2585
QHHH8smaxjk,2586
qHQfWh8hthM,2587
QHYaqdg_W8w,2588
QhZljE1YYB8,2589
QIC8bckqtNQ,2590
QiIQz_0WQ7o,2591
QIkwPnLAc30,2592
qIVdDMyZPNI,2593
qJ33F08slIA,2594
QjhPKJlljFY,2595
QjQDhvR1mNw,2596
qk1XyQ0NKvw,2597
QkbJ2rBWKsw,2598
qKlIJWuRRsU,2599
Ql719HIwlFc,2600
qLauPJ_SKk0,2601
QLdNwKMp2TM,2602
QLmazoFK9kM,2603
QLObvXFBY3M,2604
qlqElZp1GOA,2605
qlYHMvdrIr0,2606
qm5D3erfmXk,2607
QM6BzkA17Vk,2608
qm8BZw2x_4o,2609
QMHBsOy5gMI,2610
qMmnJqITWhM,2611
qni-TfyvvJs,2612
QNmue6xA9v8,2613
QoTov3qS_mg,2614
QoXAufWIWTw,2615
qOXdIgN5Dvg,2616
QPrKitujavQ,2617
qpVpmJheUYU,2618
QQkllJ2aGuA,2619
qqsIlq4DG5A,2620
QQTfM0Skxh0,2621
qRGfJbOmy5U,2622
QRYKk6ZiXvU,2623
Qs7AR74npDg,2624
qSdJitEA5tE,2625
QSoYu8tzOFY,2626
QSRJa2plbTM,2627
qsWyYEAGDvg,2628
qT12TxnKcoA,2629
Qt2VVnz2Ytw,2630
QTd1pLMh1Mo,2631
QtDNwAnouQQ,2632
QtKsx2UF3fw,2633
QTy0UpMz3fM,2634
QU8OWvtKPpk,2635
QV9-O0YoJis,2636
qVd5qPLuDl8,2637
qvDmZoKEtKk,2638
Qw3ukKDgos8,2639
Qw6bFUlKcQA,2640
QxdAk2IVnAU,2641
qXEW7B3FuEQ,2642
QxGVgXf_LNk,2643
qxHxVzTiJ_A,2644
QxYvlBn_hyw,2645
qyqbQo25ryc,2646
QyVkq4Vqxwc,2647
Qz6Ink25U9k,2648
QZAmIsskyv8,2649
QZkxK-EATsM,2650
qzmP2c0iT90,2651
QzzffCOPAjg,2652
R--_FmCAZNQ,2653
r-AGWnA9tfw,2654
r-XVJX9wKYQ,2655
R0KPwTGeWL0,2656
R189vO-qVxc,2657
R1QuCKfd7iw,2658
r2n1rhmK3QE,2659
R4hKZsPz0uQ,2660
R5BShpBFJYw,2661
R5EEqPGVXYw,2662
R65zRMeZl3k,2663
r7aMw_b3J4M,2664
r7BKnbBx1hk,2665
R8mVT3U6KEk,2666
r8SUrYn0ehA,2667
R9aZmKgZW0w,2668
R9xPxEzb228,2669
ra98wVcYJjs,2670
RAd7JT8qrGY,2671
RAvGEwZAuFM,2672
raYPtV-SOeY,2673
RAy_AA7h3y0,2674
RA_S7Wws2X8,2675
rBDinocbnbc,2676
RBFxTgxmWSg,2677
RbIKSkGS5E4,2678
RbmjKLJXJOw,2679
rBojImWr3Nc,2680
RB_0zk_aNxo,2681
RcFhc1LfwCI,2682
rCFpOst7XUQ,2683
rcOvQw2xFMQ,2684
RcXaWf3fRy8,2685
rCzfhYP5V5k,2686
rdsd2oRvpIs,2687
Re0Fu4MsZfA,2688
ReMJIchBi2M,2689
rf2jk0Kh44g,2690
rFf7BLUpkq4,2691
RFRj4cMdQvg,2692
rFT-AgVoAUM,2693
rF_96DwkqhI,2694
RG6r8XV5dgI,2695
Rgazx347CwQ,2696
rGoLzfb3Vlw,2697
rGOyZ1_e2uI,2698
rGUK7Bo-us4,2699
rgyElPGu9ZI,2700
rGzdynl2gKQ,2701
rGztH-kC2R4,2702
Rh--LpJdOCs,2703
rh14Zm9a3sI,2704
RHa2FBA67eg,2705
rhQQFLBLK98,2706
rIJ5iaWWQAI,2707
rimJdR8FGRg,2708
Rin0S6bFEo4,2709
riOuEtHSKMM,2710
riYpb81l71Q,2711
rJ5Kxg7_G5c,2712
Rj6viPDZNpU,2713
RjgUtzFTu6k,2714
rJJvdOYbxkI,2715
rjq9eoUIKEg,2716
Rj_vssRaZlQ,2717
rk3YXugaE2w,2718
rKeLvxJ-drs,2719
rKKllpqcOVs,2720
RkL-iEoi8VY,2721
rkoKip48ya4,2722
RKs8I8FGDLI,2723
RKZn-R0JEk8,2724
Rl21xPbZg0M,2725
rl43JM1VKzk,2726
Rl7BUJeWPO8,2727
RlfVsxr4RfM,2728
RLHX6JRtC14,2729
RlIzfifE4CQ,2730
rm3Kb14PwiQ,2731
RMbkg9anbdM,2732
RmcuNgKoMnU,2733
RMI1nrBMBIE,2734
rmNRHbHH660,2735
rMzvXfelfck,2736
RN4KKkv5aQ8,2737
RnDsKWdQ5hw,2738
RNt7sUg3nCE,2739
Ro0PuhCfLfU,2740
RoKjW1eRgmE,2741
ROmOTWZHyu0,2742
ROs-JNXXgFo,2743
RP74aXEqZ64,2744
RpAjAQf-n9Q,2745
RplsmZRp6p8,2746
rpqCS2tacn4,2747
RPQHobgk0TA,2748
RpQw4tk1dFc,2749
rPZpt78r3JI,2750
RQBqo6ySBes,2751
RQfbPbcfMO8,2752
rqlKd0RCqeE,2753
RqosXe6MGek,2754
Rqurzd_pEsA,2755
RQypOI_GWUs,2756
rRB-00chlqc,2757
rrdC5uj3n4I,2758
rRLAAH9q3kk,2759
rRstO6fIQXY,2760
rRVNr7MzcYs,2761
Rs-YANIBle0,2762
rS2mWIUj4yQ,2763
rszpViCJc6w,2764
rt3eAG9iP8U,2765
Rt9eO9RFP7Q,2766
RtbJhgr3u3o,2767
rtzPOPQCdAA,2768
rU2Y1qL7IvY,2769
rUv1sBSCiN0,2770
rVG9OXr0TGs,2771
RwL3MD-Z5-o,2772
RwokF2pGplw,2773
rXErznZmnDc,2774
RxjZwia6y6c,2775
RxnL3QmqgVk,2776
RXYnNO6OXSw,2777
rxzTSDmt9-8,2778
rY6u0RU_NNs,2779
Ry8OjxXJQwg,2780
ry8Y9jruITU,2781
RYgu6iTQxgs,2782
RylokLU25lY,2783
ryMKdFU0vOY,2784
RzEVNxuS1EY,2785
rzsK8nuT6Ys,2786
R_4mXt0MAls,2787
R_n3pHY0oYw,2788
S-Fz9UGMIjM,2789
s-wP8Lf1XUI,2790
S-xG_UTsSMM,2791
s07TKFK9P1U,2792
S0KEj8Jqrjc,2793
s0wFfkOc0aY,2794
S0_5xbOE2qg,2795
S1c4B11HjzQ,2796
s1HA-Sccehw,2797
S29asIvonfo,2798
s2STYabedCs,2799
s4HKtpBigOY,2800
S4q0c9Rpy2c,2801
s4qnLDqFehE,2802
s5FlBP331z4,2803
S5wPunc3WX8,2804
S612Awn-Bxk,2805
S6RZjOAJ9y0,2806
S8iyMxDxKfs,2807
saIgHQeUAqQ,2808
Saq46ijcdYI,2809
SBcrBxdvEPA,2810
sbd4UZIQy0s,2811
SbjKSEiqJX4,2812
sBVM-mI7TCc,2813
SBw_c9GUSL0,2814
sCd0ZEH8080,2815
scNoVVO94zs,2816
ScQ92alaOKA,2817
SCVTxVuoosw,2818
sd7pFc8HiY0,2819
sDIIV9nfjXY,2820
Sdr7v2rGqJc,2821
SDyXcEHQ4Yo,2822
SE9MfDx0RnE,2823
SeAahy8sDwI,2824
seX4CAayDiQ,2825
Sex8lslA00M,2826
Sf589kSCFGA,2827
sfL_mjLDz1A,2828
SFMnobS13Io,2829
sGBhwukMwlI,2830
SGEyJr8Ooe0,2831
Sgu6VApi0Sw,2832
SGxZ-0NdKCs,2833
sH0_Xka-WoU,2834
shcpygl7fTc,2835
ShCUIFxUmp0,2836
ShOKLGew3us,2837
sHVu1FzOgDI,2838
SICu0iUpCUY,2839
SIEuyqLFpyY,2840
SiFDg6u9d9I,2841
sjdozrwUPtw,2842
SjE2apqIfKY,2843
sJGERDV6eBw,2844
sJtFMXgfgsg,2845
sKmqgSg_tro,2846
sLGocXi94xs,2847
SLHQjOjRQgY,2848
SLi4fciT1w4,2849
Sm0Cbxs3UvY,2850
SM66GDRyIVY,2851
sMBgl_19vEM,2852
SMgg_lTS1NQ,2853
SmjV9Nbc4EY,2854
smZr7aC0Mos,2855
SM_xE8wqb0o,2856
SN-426sIjyk,2857
sNExxe1abaE,2858
sNwQ2eWJoWM,2859
sonUnFTOAEI,2860
SOS3nkM2O0Q,2861
sPcUhXW2gIk,2862
SpXt8qUSi1Q,2863
spxXuYHd_KM,2864
Sq0gS8CPPpQ,2865
sQ6OowWAqfs,2866
SQm6BZvNrig,2867
sqM9W-ASVw4,2868
sQXXfFYRC9g,2869
sqYfFvW_W10,2870
sR8xlKSpSwA,2871
Sr9ztNMkZIw,2872
sRvetZ3CM60,2873
sry_9qidfA8,2874
SsgmlHYZ0Cg,2875
SSgx4EUZ-vQ,2876
sSJicc3pNMc,2877
SSrOCS_ESfM,2878
sT0qeUUuwoA,2879
STF8eRln3hM,2880
stfaeLw0BLI,2881
StlbBXQQePo,2882
stoF8oH3vQ4,2883
stRtOHjh6lY,2884
sTvYSjuCDjc,2885
StYTUWtItuo,2886
sUnELVTlKk8,2887
suVmyoFvtRQ,2888
sV8g2JSVANU,2889
sVFcSgqZUEs,2890
sVG0T0sUXPI,2891
SvHC399pG6U,2892
sVmiYYAMl5A,2893
SVsNuacR6Lg,2894
SwcDt6Wq1Yk,2895
sWhYQUOzGCA,2896
swpx6kfdNIg,2897
sWyrSDlH3mI,2898
sxFuRqST1nc,2899
SXmkWwAWZVs,2900
SxxoKgEzi7U,2901
sY36MQyH95E,2902
SYJRMhL5gMg,2903
sYmO7LEbvuU,2904
SYnMtNbX2sQ,2905
syyTHcIMqA4,2906
szaIrfIFV4Y,2907
SzMHQiQJYW8,2908
SZQhgExjBvQ,2909
SZSVs9xDuPI,2910
s_3ZgF5IhRg,2911
S_XzalAVtRg,2912
S__0VWhJFXU,2913
t-8JmsGCoKw,2914
T0a6K_C0srs,2915
t0eLyqaPi0U,2916
t0ic0NyBKSs,2917
T0MKn6FWxrE,2918
T1_ltEGEr2k,2919
t2e8hC5XNYA,2920
T4CvcmV-ymw,2921
T4JG-nEKK3Q,2922
T4YU57bHAQs,2923
T5247QivMms,2924
t5g1bS11EKs,2925
T5uAB53qJqA,2926
t6Dvqv3Dhd0,2927
T6VlStgUAQw,2928
t7BD4OxOlIU,2929
T7lLGKA2tnE,2930
t7PwUoLcqYM,2931
t9LpP5qssQE,2932
t9quY6fz7HY,2933
taAftTYwn2s,2934
TaFklzc2KYo,2935
tAK4cPnNm4M,2936
taQQpMYM-MU,2937
Tb8RBMlmxu0,2938
TbdN02XU3zc,2939
Tc5fryZsBqg,2940
TCAndo-lQ_M,2941
TcCmJyfQnYI,2942
TcEagJLd-X8,2943
TcouRruFefI,2944
tc_5F-pLL9I,2945
tdcVjRL0LAU,2946
Tdfp56A63tk,2947
TdG67tsoZPI,2948
tdlVk8A-9n8,2949
tds2C1lIIeY,2950
tDwWUljV1bA,2951
tdYrzdcWDIQ,2952
TedwGniU9cw,2953
teGXaeeWZ2s,2954
tELnr-IUPWo,2955
temGGPO2qYU,2956
TEUb_1Pxg0k,2957
TevvCkP0K_M,2958
Tf9DVcSakH4,2959
TfbkjBnFpy8,2960
TfDEQdJXVuM,2961
TfEsgb2AWuE,2962
tG2615Nuk4w,2963
TGDvORVuYig,2964
TgFb8V1ivhw,2965
tGpduJt5nh4,2966
Th-gjJdmeg8,2967
TH-R5_B2dNs,2968
thdI-4hP1jg,2969
ThjMVogV5x8,2970
thNqHCYKOpI,2971
THNv5-DxAp8,2972
tiMXS5fD9Nk,2973
tIQqOXq7Jl4,2974
tiT0W59T03s,2975
tiW4hz39o_w,2976
TJ2ifmkGGus,2977
tJKd5MDjVSA,2978
tjSX_SjFPiU,2979
Tk9oQ9ipXO0,2980
Tki3MyRMc1Y,2981
tkS4S6-lIT4,2982
tLBvaJ6wfiA,2983
tlVwumtTIog,2984
tlwJozd0aZ4,2985
TMgwqA7rbNU,2986
tMYmN7awUzw,2987
TnmZfAjBZCo,2988
tNsLbGd-RmU,2989
TNv9tf-_k4w,2990
TOcGSwJBPMQ,2991
ToeZro9lQ14,2992
toqO4Jj14sA,2993
tOy3ID33834,2994
Tp4z5BzhOD4,2995
Tp8XHAknjRA,2996
TpnrOllPurs,2997
tpqGLyhn60Y,2998
tP_vV4BBVyo,2999
TQDnbQ4xOD8,3000
TQHEJj68Jew,3001
tqNGyY7sYLs,3002
TqWUkmPPCWs,3003
tr2gNDxNaAs,3004
TRGvs0UZSYw,3005
tRhFezGD_Xo,3006
tRkjJwzjTJ0,3007
tsM4k9J7GvM,3008
tsp65K1qJE0,3009
tST-xA3FpII,3010
TSZuxToA2ZE,3011
TtCJzfsl4A0,3012
tTfuJfTIvtg,3013
ttlBnS_cEFg,3014
tTQkvN_gaGU,3015
tTx89cC5d6w,3016
tTyIFgFfMT4,3017
Tu1CtX1So9k,3018
tU_h5ihtNcE,3019
Tv7VEJ4v5AM,3020
tvODGW7J83k,3021
tVWWp1PqDus,3022
Tw7CeGhrog4,3023
TWJrc-uY4wE,3024
TwoYtBLGtTE,3025
tWqbw4KDxJ0,3026
tWYsfOSY9vY,3027
TxcBXtpVtwM,3028
txqvXk-x8rw,3029
TXssc7zUn68,3030
TySAuLCyB78,3031
TzABa9VERL8,3032
TZN3oXhk_bE,3033
tzuskZEfVFc,3034
TZZQ57aTvm8,3035
u02gDxbZhrI,3036
U08kEUrpccM,3037
u0ALFfxlpAs,3038
u0ML7zqOlK4,3039
u0WmpIn0Hw4,3040
u0y8mnnZrEo,3041
U1bZSfovLsU,3042
u1Cx3JNVUwU,3043
U1f-lujAARI,3044
u1p8NKy-Rvc,3045
u1rAhWX3lU8,3046
U1Unjr1_av8,3047
u2-N7_8_cec,3048
u25f5ikHy84,3049
U2aREDyY0w8,3050
U2DHMtXYgEw,3051
u3CL-q0v2HE,3052
u3J-P72k6OE,3053
U3vsUojkis4,3054
u4mIcmVa_us,3055
u4zEmhNK_iI,3056
U5BArVb3KeM,3057
U5NgqRIABNQ,3058
u5qMuAK8RDg,3059
U6mhYidqJQ8,3060
U6wBqb1QD40,3061
u6xY7AAQZKI,3062
u72nS3E2Kno,3063
u7SDIjAtOFo,3064
u8NoBDCU6zI,3065
U9P1zO2ibKc,3066
U9PuhTPI_C8,3067
Ua7ypJZaUco,3068
UAsLORKPUCQ,3069
UBfhgW42JUU,3070
UBg-f4R7k5I,3071
Uc3ZutT2HPk,3072
UCD0XFyZYTE,3073
ucgQfaopkh8,3074
uCQ3Uvia-0Y,3075
UdAMn3N88XM,3076
UdFkkn61WS8,3077
UdTkDQipaWo,3078
udvk6Yx6nFI,3079
UE1ps36ls7Q,3080
uE2oIf-_Ptw,3081
UeEIEppDKvE,3082
UehbFpPQDoE,3083
uET4fOlrwRw,3084
UeZGoD0mFpY,3085
UfbNkSittno,3086
Ufp0fGYV5Vw,3087
Ug0Zuwm1DOE,3088
uG2hSv_SsSM,3089
UG7ir_rbhXo,3090
uGa45iFVjWE,3091
UGpf3G_OrzI,3092
UGp_h3qV5kE,3093
ugr5yHOmHrg,3094
uH-5kDeus6w,3095
uHjmRFNl7CQ,3096
uhm-Sj0ZQBc,3097
Uhw_NVn-cts,3098
UiFoGjhF84U,3099
uImNIfQbYYM,3100
uiVvvimSQZY,3101
UJCadk84oRs,3102
ujFkiCfazqo,3103
UJQm0LbWTBc,3104
Uk9v14mz1TE,3105
UkVhN_U118w,3106
UlLqMuVn0jc,3107
Ulpm66ytdX0,3108
UlSbVzYGJ04,3109
ULT3FbPW_MM,3110
UmEqCLxKVHw,3111
UMHOJetSnIo,3112
uMjRKjtIDfA,3113
UMVsu2M67sU,3114
um_2aQe5OBU,3115
un1Rua77c9I,3116
unCFhcdtbPo,3117
UNe965twbzY,3118
unidBzY2iF4,3119
UNwsSBC1_eY,3120
uocETPj4Jx4,3121
uOCwcWsOEtI,3122
UorAzq61-nc,3123
UORpDdAz7-0,3124
UoXRX5ZlwuE,3125
Up9EtF6HfHQ,3126
UpBPvVZBVUk,3127
UQfK5ErxpL8,3128
UqIvvTp5Mu4,3129
UQtltNZ_pjs,3130
ur8jgpwBXH0,3131
UrF1as6AMNQ,3132
uRghAWCSfIk,3133
uSHSdasYsAU,3134
uSKtZ6qpixc,3135
USmceB2q5b8,3136
UTIpJVzaVO0,3137
UTIZfHHtitw,3138
uu5dGtqvyuI,3139
uu7ns_sXPPM,3140
uuB5E9L4R6M,3141
UUQ9_9fgT7U,3142
UUvO1NgUpg0,3143
UvRGcKE7mAY,3144
uVTJM8HOv3k,3145
UWa5hG4faIE,3146
uXaPqzaOvQg,3147
UXKGOFoswdI,3148
UXNPkpTjrlE,3149
UxxpRpECE9w,3150
uyiG6uw-6pA,3151
UymRjLAvDAA,3152
UyQNSfuCHTU,3153
uyrI6k1eRHk,3154
uyrJM6rDzQM,3155
uysV6GPY5PA,3156
uZ5C6-hJ_uU,3157
UZ7fx2IEi_A,3158
uZkgbZgy2SI,3159
u_WWN6EsOmM,3160
V-96GC4v3j0,3161
V-g3L2S2EQQ,3162
V-m3pr1PgGY,3163
v07QfLqnVwY,3164
v1dfFWMhHHI,3165
V1_s5bdFuV4,3166
v24NGfor078,3167
V2liHQXkKHE,3168
v3fP2ctZY8A,3169
V434Od127Rc,3170
v4NsgCuPckA,3171
V57nPgMhGK0,3172
v5leTp_OXp8,3173
V5RNfP9pSqM,3174
v5Rx4FguCpA,3175
v5S-uDYh5n0,3176
v5tFqAY4NDc,3177
V6tJIWryQv0,3178
v6to8PJipHQ,3179
V79Pm8IVWmI,3180
v7K0WdfaYxY,3181
v7LnYCE_Uzw,3182
v8MnSnEklNU,3183
VaEk7kI1OCk,3184
Vb3IZ3fB_M8,3185
VB4xZzxymNo,3186
VB5sT-hu4Nw,3187
vBN7TJpDoXk,3188
vbqSMNKFTG4,3189
VCCPiS91KyY,3190
VD6M_tWroLE,3191
Vd8nls8EVlE,3192
VddszNhXmgw,3193
vdIpm2Wy_Ak,3194
vg1vtkCGA4I,3195
VhEA32AmlaQ,3196
VhoTNI-8fIc,3197
viN5vMtAECM,3198
VIvwY4PNXyQ,3199
VJdVkC5q35Q,3200
VJg_8yL0-10,3201
VJkADfoRhgA,3202
VjTaeTcn_KI,3203
VjWATpbJ5FM,3204
VjWzxWqTbd4,3205
VJZpzdMii5c,3206
Vk1t6nT2eC8,3207
vkLZUQsqKAc,3208
VkxnVF-oz6Y,3209
vlS4zuN2Gk8,3210
VM7AVcje4R0,3211
VMhp_vaSINw,3212
VmRVSQJvXNQ,3213
VMS3es0llYw,3214
VmXk32vFnd8,3215
VN2m3ak7MAg,3216
Vn8bqHIgjzQ,3217
Vnmd7skHgPw,3218
vnSRXJKjqTY,3219
VNUI5PO3wlc,3220
vnWuMK-zlR0,3221
vobSD4Pl7Sc,3222
voKPITZrmI8,3223
vorrCm4wyug,3224
vozZDQCj8bk,3225
vp5sSqyZ5Go,3226
VpDj2dy8NQA,3227
vpMpyKblaw8,3228
VpoaKzq_IVM,3229
vQbaWhp_Xak,3230
vQc9pzsZfgU,3231
vqozlamwKMk,3232
Vqz_fwA4Zz4,3233
vq_9yXc47-w,3234
Vrb7xj1cvuc,3235
vsg29lkxOnU,3236
vsXsksMV_TA,3237
VTbq9yS2f-g,3238
Vu56_nEZszs,3239
vub4l4Fld0Y,3240
VUBL8PPNlKY,3241
vUbPkLL_0-I,3242
vuNtecme-BA,3243
vvzaMmA5B6Q,3244
VWA6cKrJ6JY,3245
VWlhDOwnxKM,3246
vWVRBpbaVRU,3247
VWXCQ2B8h4s,3248
vX1GyD8ohM0,3249
vx9_QErp4KE,3250
vxHWIwZsW_w,3251
vx_i29aSQrA,3252
vY2fiPudK3o,3253
VYf6IzH94LY,3254
vynBppOYoQE,3255
vyq_YeOd5KU,3256
VYrnSJFkS_0,3257
VYxPCq6O-fU,3258
VYYnu8WvWBc,3259
vz08CHTiKIk,3260
VZ9nLpjmH5s,3261
VzMpsCckx94,3262
V_qmBEl9b1M,3263
v_qsXrjfYTE,3264
w1UcbYudIGM,3265
W2b6nE7NrEI,3266
W2XZZ7bPqlE,3267
w3bnVuI1GsY,3268
W3K6MDYWSNY,3269
w3WU434EZ_o,3270
W4BuGAvo0io,3271
w53nd4F9GqY,3272
W5RYP9qWmzw,3273
W68QC1wtRYg,3274
w6JqFdjle1M,3275
W6PsN6ixwFY,3276
w6QUFx-2HRw,3277
w7uf3VjzyYs,3278
W7xa5OPqd6Y,3279
W9Mz2PRmiNo,3280
wa3eqetSAQI,3281
waglSfvZJfQ,3282
WaheQR-P8RY,3283
WAMYG9X_53M,3284
wb92Tuzq80w,3285
Wba4bweL-MU,3286
wbb6P6tIktw,3287
WBUkx92x-_0,3288
WBzM1ZuexYA,3289
WcSpUxnjkY0,3290
wCvJM-1SEdI,3291
wDWSyDQKhrE,3292
WDzYwmCDPV4,3293
WeewOI_0xlM,3294
WEIHhlxAauk,3295
wEk3L-9vUwU,3296
WeSsbGh3dbU,3297
wETSe6MLuOs,3298
Wf0WBGlXa4g,3299
WfPMPcYcsHU,3300
WiSRE3VgNnk,3301
WiuyC8WRdE4,3302
WivP1QstDKQ,3303
wiW_EVo32Po,3304
wJ-nYai91qE,3305
WJBk7G-b5nI,3306
WJCYt6gzssY,3307
WJVBfiEKMyA,3308
WjWrYlj6um4,3309
wJzbkk6Xzb4,3310
WknP-YYP_9g,3311
WkywEJCEvVQ,3312
WL1z3HZOYRc,3313
WlhP9pP-FBI,3314
wLMG3B_YV2Q,3315
wlqPpbKcpYw,3316
wLwfb6nxojw,3317
WlzBmnLMSvY,3318
WL_J5eA3GkQ,3319
wMfcs6Reido,3320
wMvLjml55OU,3321
wnG3UUMU5F4,3322
wNY7GubZWmc,3323
WO5uM03ZAtM,3324
WoAGEAvuVmw,3325
wouV-pPL9YY,3326
wpdj-rcTKNw,3327
wPH5C0uJTCE,3328
wpsIVKmo-YM,3329
wqAoIxA7Qds,3330
WQH4isjFoE4,3331
Wrn8lVY_O4A,3332
WS6yjeZ6L98,3333
Wsaty9CESng,3334
Wsb2tW-YX-c,3335
wSdHX_M0ppY,3336
Wsou_A1_xSc,3337
wsW-4n4veNM,3338
WSWQH0DzCwk,3339
wsX7DYzOpWI,3340
wt4xRSrcBOA,3341
wtAyk1z9dOE,3342
wTCvDCjmOCg,3343
WtGmVU5lHMc,3344
WThA_GuOuW8,3345
wtLmB-UaQfQ,3346
wtQ1iGi3_PE,3347
WTv-p2OaoRc,3348
wtvmD1IxQaA,3349
WTXDs4gUqQg,3350
wUoxbm9MUc0,3351
wUPPSqQsSQ4,3352
WUugoF8n7-Y,3353
WuUkaJ6hyc4,3354
wuZJqc0usKk,3355
WVEUei6Zqvg,3356
WVlEDNg9F94,3357
wVp_7v--3sw,3358
wVVrI0K9Rt8,3359
WVV_qDHTMCk,3360
wxw-y51Rb-k,3361
wXyLVQTGRDo,3362
WY89Yd_sQSo,3363
wYfNGL_7o5k,3364
wyJ20w3FChM,3365
WYw0nTQl61A,3366
WzAcmF7xTbk,3367
wZfC9xwozkM,3368
WziqA3nFaLQ,3369
wZJzYqjU7ow,3370
WzxTEkoeS0g,3371
x-PBBQ3vGCw,3372
X-zBOPUbNAo,3373
x1irwm7wjrI,3374
x1TG92EupEs,3375
X2G1ZwdvHbU,3376
x2T7RWCYW8c,3377
X2Zo0ETAhPw,3378
X3wE6JaRlPo,3379
X4olq-Fj-FQ,3380
X4yIWb0qeGY,3381
x5NavKoRIDQ,3382
x5oAgfDhwzc,3383
X5QafbMzrfQ,3384
X6R9bxODqz0,3385
x6VYzFbCytE,3386
x6YS75xxYvM,3387
x7GKDBdvhok,3388
X7L5zvKbNLA,3389
X7x9rk7NKX4,3390
X8fMiNfdF-k,3391
x9JLCt9J_iw,3392
x9qrC9tBokk,3393
xAFThpELKxM,3394
XaITsptQwEY,3395
XaQHOqsbntk,3396
XaSStqNsEEM,3397
Xb0SoX7VePA,3398
xC0znlupKiU,3399
XcA7QqJuPrQ,3400
XCL1IgQcB6o,3401
xCNFScEc77M,3402
XcNTnmwtxFw,3403
xd2FY-rADck,3404
xDO-7ncybEE,3405
xdOnPxq7bWA,3406
XDsjZnY2woo,3407
XDz7ox4r_oM,3408
XeCEmpsjKas,3409
XEe9zjelLAU,3410
XEH8oZemFYQ,3411
XEhG7zVjp3A,3412
XEjkinvls2Q,3413
xEKTpk3V1xQ,3414
xf41a9Rh3Cw,3415
xF6nXB4ydCs,3416
XfKWRo_iddM,3417
Xfq9wo0Gvow,3418
XfVMH386r6c,3419
xg0w1qRPhqc,3420
xGbKQoWDWME,3421
xGZ-7V6nepY,3422
XGZX08Ovffo,3423
XH2Opaexuu0,3424
xh3sXW812lg,3425
xH48sjOGo-0,3426
xhbcijPexSI,3427
XhFI2DJa38w,3428
xHGgUujQr0w,3429
xhKWYK7FaTI,3430
xHPMA1yOP8A,3431
xhQd2ovfvLk,3432
XhWlKTwvCb4,3433
xibUap9xYm8,3434
XiFAtqmnXxU,3435
XiFUrwezJvc,3436
xinp0wzW4nY,3437
XJ0ExjCiWkA,3438
Xj0Jtjg3lHQ,3439
XjarvY4zw84,3440
xJCtZz8UWOY,3441
XjIfyZB3IBI,3442
XKbZLkcuwT0,3443
Xkl1Z8duCok,3444
Xkodk8Nn8dw,3445
Xl2-C75iBPg,3446
XLbOWqjmj4Q,3447
XLFlYleBcTA,3448
xlFqjdbWEF4,3449
xlKJXb-AwRw,3450
xlmZNYhfDyA,3451
xLOgSxMrpmM,3452
xLrEmelxx1w,3453
XMhdAeXy-pw,3454
xMOA0WWhmCo,3455
xMomMIbPLv4,3456
Xn7XtSrg0eI,3457
XNF9v1rmgug,3458
xnIYzSAjENc,3459
XNky6r8hpJo,3460
xns4XshCZT8,3461
XO4oFAGpaNc,3462
XoDdhY2qVqE,3463
xODEXeapM-I,3464
XogcIGKTLJw,3465
xoijwqlRh2w,3466
xOkMRzGCHWk,3467
XOpI-OPJl7Y,3468
XPqOZXPH3u8,3469
XQD2BHbB5po,3470
XqdDzShOjlY,3471
XqKjk3uhuw8,3472
XQnDtdrnxb0,3473
XR5E_bBY2a8,3474
xrGurIJQIaI,3475
xRJrbukMlb0,3476
xs7K79mpoMo,3477
XscRdeIu32E,3478
xsDmOOF8iXw,3479
XSmi-PPfliA,3480
xsZzYrjUnJU,3481
XT-_RpvXSKk,3482
xtAgRvTPMlM,3483
XtE8dFojGho,3484
xTeHOLgTR7w,3485
XtkE_lZKmt4,3486
xtlOhoxXwUY,3487
xtxCXeZkbVU,3488
XUC7ql5ooIE,3489
xv04dI4R51Q,3490
XvA4UaecajE,3491
xVBzaMfAfg4,3492
xVeTmz8-R70,3493
XvRpWDKcs7s,3494
XvYSCrDqRr8,3495
XWzBlm2VrsQ,3496
Xx57eYrBD70,3497
xY5KHiSwD9k,3498
xy7QtgvcPBQ,3499
xZhDYRBtwqY,3500
XzkrIco7qrE,3501
XZNucxcpDgk,3502
XZTKkd5_fW4,3503
x_cxqVyDXEs,3504
X_lAokeHa3s,3505
X_tfSaTaud8,3506
x_uD91ky4fU,3507
y-J-2d2hOBA,3508
Y-UR0DKGMoQ,3509
Y02xTCVV26E,3510
y0EALfGHtco,3511
y0LB3IgixEo,3512
y0WpoFY8B3I,3513
y2Bo5qH2UHI,3514
Y2OIiMQZLMM,3515
y2w5kUdeDkQ,3516
y37d8mFfUPs,3517
y3e1oT17dAY,3518
Y5D9NhMfGjQ,3519
Y5zcdcXSZkw,3520
Y6ihf3LVx8s,3521
y72T3olR1Wg,3522
y81eC-b6KvE,3523
y907awo1Ybo,3524
y94WRtYcyLs,3525
y98FscZrTrQ,3526
Y9Klbav8VIA,3527
YAa3Ujipykw,3528
yAb1XMJ7mPQ,3529
yALFSfn8XIE,3530
yaXWWwMAd_k,3531
YB5unec7H-U,3532
yBkjLs7AD_w,3533
yBn1NPyXDLc,3534
ybq6XG3X6dQ,3535
yBz0nrgTrq0,3536
yCVzyjD4nNg,3537
Yd0CQn5HBAI,3538
ydGnrDkBNvs,3539
YEgwWvJv_38,3540
yeoDBklxV74,3541
yEOeQZmUTSc,3542
yEOJaC3EZis,3543
yeqNbq0o1ms,3544
yEYsI57_ME8,3545
yF6gOEQDRhc,3546
yfHO7FduBqQ,3547
yfnZgL_gaOk,3548
YFycbgNwzLE,3549
yG92gUK_5Hk,3550
YgA7dwkgcQc,3551
ygNdn7Qx_xg,3552
yGtQe5-s2zQ,3553
YgtY19Ur0hk,3554
yGy0xOkudkg,3555
Yh8xikEw9x0,3556
YhcB9M7QlgQ,3557
YhcDFMyqzU8,3558
yHelOLJNjtQ,3559
YhpecgAadlQ,3560
Yi7xt_dB0OQ,3561
yIKYJohvcnE,3562
yIQClaqsy1E,3563
yJYFK7-_eU0,3564
yk2D-7W5uW8,3565
yka8XvvpGVs,3566
YkBHrXp6sHM,3567
ykbYg7ZWzB0,3568
yKCXaTFVSvc,3569
YKeRWAJ3i50,3570
ykJ2kKVpMiM,3571
ykL3yov5xP4,3572
yKqb5JS23BI,3573
yKulNESCsoA,3574
ykuMRXjDHB0,3575
Yl5J3JzetRc,3576
ylIYIr49CIM,3577
yLkv_hhLPN0,3578
YLrEEU5bwSE,3579
yM-ksfv-7jE,3580
Ym7nW2ysSvA,3581
yMBraOq6BjQ,3582
ymSucBw3NIU,3583
YmTh5woeKtg,3584
YmtQMkJvCMM,3585
yn9PU38NNRQ,3586
YnCF6PNp3L4,3587
YNn1towYuXE,3588
YO0r2QV9K1o,3589
YoADkN1YTDM,3590
yOI6cucxdng,3591
yOOmK-qoNxI,3592
Youxy1XxLLU,3593
yP5Ixboh71A,3594
yp987sArook,3595
yPgQUy7jKRA,3596
yqMYP8tJEgg,3597
YqNG-viH-jo,3598
yrnULfKGMWQ,3599
YRtFn_Y6r9c,3600
ys8rpCNHY5o,3601
YsFyhCnlMog,3602
ySx66xA09cc,3603
ys_dXnzgwKA,3604
YTFIrfJjY2Y,3605
ytGTjgVnMJg,3606
yTXK76An76k,3607
yUEtEYgMwVU,3608
YUIlOx5coOc,3609
Yv10hJHZ8NY,3610
yV7tHPxBTTc,3611
yvI_0_mpb3g,3612
yvjcTJsrjq8,3613
yVnzkcdeQp8,3614
YW69p7wzjxE,3615
yw8VUoBWO24,3616
Yx9Bm16lqaM,3617
YxNywjqIWVU,3618
yXRlXHpXjyk,3619
YxrziCjjzVs,3620
yyBPjJG2_lA,3621
YyhKdOCwD7s,3622
YyMkScDdSG8,3623
yZ7tWNThkDg,3624
yZbeSuFLff0,3625
YzetCL6qJaI,3626
y_5jeuUX6gc,3627
Z-3MLOsr6E4,3628
z-KTjMq7X4o,3629
Z-XC4YNcaow,3630
Z-ZuYr51xME,3631
z0BraFIb_TM,3632
Z1DSZFFq3mE,3633
z26Okj6byjM,3634
Z2s4-vnf7Po,3635
Z2vCDNEgCFE,3636
Z3-zFpbVPT4,3637
Z3hTMydrKsk,3638
z3o432bXXfc,3639
Z3X5osVQw1c,3640
Z4BFz-MIa1k,3641
Z56_6Hvd_9Y,3642
Z6SC9wSWUmI,3643
z6yoO6dweDI,3644
z9JWl_NhetY,3645
z9NYE8UTgFs,3646
zaA10hN9TZs,3647
ZAd4Axoho_Y,3648
ZaeSiaULIuc,3649
ZATWiNrhH9Y,3650
ZBHVIumhBUc,3651
zbkbJ8SsYR0,3652
zC6gIGUsmMU,3653
ZCc0PKKphq4,3654
zcD2is2ZhCU,3655
ZCFJ2xIDOtw,3656
ZD-rkbMNiGo,3657
zdDLwJwnw4o,3658
zdlCKVjEIVk,3659
ZdwSq4rLRnI,3660
ze1YKi3gr74,3661
zf-0jH04JFQ,3662
Zfi3kLKxCDk,3663
zgCA-7J5jog,3664
zGeOWnSC6N4,3665
Zgouop3383A,3666
ZHfxIDjO2xM,3667
zhHWjUQ1Eg0,3668
zI09N_g6zI4,3669
ZiKKFNZeN3s,3670
ZikkGFekXOY,3671
zJBYizhpXQI,3672
ZJHSqycsHG0,3673
ZJjsdQB9xFU,3674
zK2A95Und7c,3675
zkc8FKloMKU,3676
zKFchzbE3BA,3677
ZklJ2kWVzb4,3678
zKPlY8TuWBw,3679
Zl-WOcpNc1w,3680
zlhi50sLG8I,3681
zlVCcPmEd90,3682
zMdbTbgd1rU,3683
zmeNZhU8zUI,3684
zMFZbKsUcxg,3685
ZMiel9Vx38o,3686
zMRiKO5Ycak,3687
zMRzKJkrYgw,3688
znWZH5COPac,3689
zo7i8VTpfNM,3690
zoO5mPvtqao,3691
ZOOSs6k0gn8,3692
ZopKQ4f6MEs,3693
zoTAEq1Ble0,3694
ZoY2npJIwbo,3695
zp7l8O2JYVs,3696
ZpAln53aiMY,3697
zQGea1TbB9g,3698
ZqLn8-cvCsA,3699
Zr3lpZ2pZe8,3700
zR5kBrooC-I,3701
zri6wf9EMxg,3702
ZRJPsfJCe-8,3703
ZrKVEML8jlw,3704
ZrKXzv2nPK0,3705
ZRx1cP7b_NY,3706
ZS3S_koNiDE,3707
zSCwbTM8Ti0,3708
ZSFojakzpVM,3709
zsINmZvMcS8,3710
ZsnUP7VtX2o,3711
ZTK44tDSfMQ,3712
ZtLbULzpyig,3713
ZtmO0LXj4go,3714
ZTQYDd_p528,3715
ztznMyaGfPo,3716
zu9qWM552pE,3717
ZubvVK0m64s,3718
ZuKwVr4Vwx4,3719
ZUUa6C7wMvM,3720
zVIQkA9BdSE,3721
zVWvx5T68tc,3722
ZWF9jEJjWYw,3723
zwxQ320pMI0,3724
Zx5XG1Ge7LA,3725
zXCP4sp60d4,3726
Zy34lO2G0ls,3727
ZYMoYIykOEA,3728
Zz3mYxGxnUo,3729
zz5Cd-wlVME,3730
zZ6Bn9KL0AI,3731
ZzdjY6FQuDs,3732
ZzlUIGKuelc,3733
zZv1M_rgn0Q,3734
Z_0OpMwKb9Y,3735
z_dieRpmj40,3736
Z_sx6pAknPc,3737
z__LFXzN_z0,3738
_0jovA9H0iM,3739
_2d7lFYcC4U,3740
_2HItPwJq70,3741
_3GfLsWbxS8,3742
_4IhfwOml_g,3743
_4x6mGJo-Ec,3744
_63TsZljm-s,3745
_6amSc3yHuw,3746
_6Ngsp0rQLQ,3747
_7DygDmrWbU,3748
_9XFtKqFhEU,3749
_aDFPiCwxqg,3750
_aUoFjMNZh8,3751
_CGfR8bumhY,3752
_CXbVKK0I_Y,3753
_d-xxYYitLQ,3754
_Dtj6RHIz6E,3755
_e6cVwoDwtc,3756
_FNq3t3mqZw,3757
_GpeyGmNXkI,3758
_g_mzFXvZIA,3759
_Hc84sf85rI,3760
_HomLHEog0Y,3761
_hQ3VIOfM3s,3762
_iDWG_-TnGA,3763
_IkuoRg5HRw,3764
_iZZoTb95AA,3765
_j0W3VRB9l4,3766
_j19Y_F0oj4,3767
_jcOuwNeHDM,3768
_kaFgDhH6hQ,3769
_kBU55aLpAE,3770
_lVzCe_IUpw,3771
_LXCYId63B0,3772
_N321DRUWac,3773
_NcnUarAWdk,3774
_NFfoFyBEnA,3775
_nLL5oeIKLU,3776
_peNyshSz0U,3777
_PEsRgBbszk,3778
_pk9NU9hbBc,3779
_plTLKGvU0E,3780
_Qb0EF0ABjo,3781
_qDsl5wKZUA,3782
_R7r9neRBoc,3783
_s7gMt5RgaE,3784
_sRUMQRDCX8,3785
_st1zmZvgVM,3786
_T7sINxtHws,3787
_UoZuQU7Y-o,3788
_uu8jTHR87w,3789
_V1ycBe0zyQ,3790
_vbmvXVXZOc,3791
_VeK_E3IBEM,3792
_VkzViPxeWg,3793
_vW-eYyV07o,3794
_W4sMnhYxxg,3795
_W8RjaFfar4,3796
_wsxmwytwFc,3797
_wuiS8ty0P0,3798
_xeU4WYpuRw,3799
_YWHrxaazsc,3800
_zA0LvS6BCg,3801
_Zd-ZLY7dBY,3802
_ZqvsY43gu0,3803
